x1,x2,x3,x4,x5,group_9,label_9,weight_9,group_7,label_7,weight_7
-0.250000000000000000,0.000000000000000000,0.000000000000000000,0.000000000000000000,0.000000000000000000,5,axis_lp_null,0.000000000000000000,,,0.000000000000000000
-0.406057174738239546,-0.955907315804538915,0.000000000000000000,0.000000000000000000,0.000000000000000000,7,pair_l1_l2,0.022543144647178933,,,0.000000000000000000
-0.406057174738239546,0.000000000000000000,-0.955907315804538915,0.000000000000000000,0.000000000000000000,7,pair_l1_l2,0.022543144647178933,,,0.000000000000000000
-0.406057174738239546,0.000000000000000000,0.000000000000000000,-0.955907315804538915,0.000000000000000000,7,pair_l1_l2,0.022543144647178933,,,0.000000000000000000
-0.406057174738239546,0.000000000000000000,0.000000000000000000,0.000000000000000000,-0.955907315804538915,7,pair_l1_l2,0.022543144647178933,,,0.000000000000000000
-0.406057174738239546,0.000000000000000000,0.000000000000000000,0.000000000000000000,0.000000000000000000,3,axis_l2,-0.011272611228259233,2,axis_l2,0.123593980320432464
-0.406057174738239546,0.000000000000000000,0.000000000000000000,0.000000000000000000,0.955907315804538915,7,pair_l1_l2,0.022543144647178933,,,0.000000000000000000
-0.406057174738239546,0.000000000000000000,0.000000000000000000,0.955907315804538915,0.000000000000000000,7,pair_l1_l2,0.022543144647178933,,,0.000000000000000000
-0.406057174738239546,0.000000000000000000,0.955907315804538915,0.000000000000000000,0.000000000000000000,7,pair_l1_l2,0.022543144647178933,,,0.000000000000000000
-0.406057174738239546,0.955907315804538915,0.000000000000000000,0.000000000000000000,0.000000000000000000,7,pair_l1_l2,0.022543144647178933,,,0.000000000000000000
-0.686075797561756295,-0.686075797561756295,-0.686075797561756295,-0.686075797561756295,-0.686075797561756295,9,full_diag_l0,0.007859378592285870,6,full_diag_l0,0.011098228510166877
-0.686075797561756295,-0.686075797561756295,-0.686075797561756295,-0.686075797561756295,0.686075797561756295,9,full_diag_l0,0.007859378592285870,6,full_diag_l0,0.011098228510166877
-0.686075797561756295,-0.686075797561756295,-0.686075797561756295,0.686075797561756295,-0.686075797561756295,9,full_diag_l0,0.007859378592285870,6,full_diag_l0,0.011098228510166877
-0.686075797561756295,-0.686075797561756295,-0.686075797561756295,0.686075797561756295,0.686075797561756295,9,full_diag_l0,0.007859378592285870,6,full_diag_l0,0.011098228510166877
-0.686075797561756295,-0.686075797561756295,0.686075797561756295,-0.686075797561756295,-0.686075797561756295,9,full_diag_l0,0.007859378592285870,6,full_diag_l0,0.011098228510166877
-0.686075797561756295,-0.686075797561756295,0.686075797561756295,-0.686075797561756295,0.686075797561756295,9,full_diag_l0,0.007859378592285870,6,full_diag_l0,0.011098228510166877
-0.686075797561756295,-0.686075797561756295,0.686075797561756295,0.686075797561756295,-0.686075797561756295,9,full_diag_l0,0.007859378592285870,6,full_diag_l0,0.011098228510166877
-0.686075797561756295,-0.686075797561756295,0.686075797561756295,0.686075797561756295,0.686075797561756295,9,full_diag_l0,0.007859378592285870,6,full_diag_l0,0.011098228510166877
-0.686075797561756295,0.686075797561756295,-0.686075797561756295,-0.686075797561756295,-0.686075797561756295,9,full_diag_l0,0.007859378592285870,6,full_diag_l0,0.011098228510166877
-0.686075797561756295,0.686075797561756295,-0.686075797561756295,-0.686075797561756295,0.686075797561756295,9,full_diag_l0,0.007859378592285870,6,full_diag_l0,0.011098228510166877
-0.686075797561756295,0.686075797561756295,-0.686075797561756295,0.686075797561756295,-0.686075797561756295,9,full_diag_l0,0.007859378592285870,6,full_diag_l0,0.011098228510166877
-0.686075797561756295,0.686075797561756295,-0.686075797561756295,0.686075797561756295,0.686075797561756295,9,full_diag_l0,0.007859378592285870,6,full_diag_l0,0.011098228510166877
-0.686075797561756295,0.686075797561756295,0.686075797561756295,-0.686075797561756295,-0.686075797561756295,9,full_diag_l0,0.007859378592285870,6,full_diag_l0,0.011098228510166877
-0.686075797561756295,0.686075797561756295,0.686075797561756295,-0.686075797561756295,0.686075797561756295,9,full_diag_l0,0.007859378592285870,6,full_diag_l0,0.011098228510166877
-0.686075797561756295,0.686075797561756295,0.686075797561756295,0.686075797561756295,-0.686075797561756295,9,full_diag_l0,0.007859378592285870,6,full_diag_l0,0.011098228510166877
-0.686075797561756295,0.686075797561756295,0.686075797561756295,0.686075797561756295,0.686075797561756295,9,full_diag_l0,0.007859378592285870,6,full_diag_l0,0.011098228510166877
-0.750000000000000000,0.000000000000000000,0.000000000000000000,0.000000000000000000,0.000000000000000000,,,0.000000000000000000,4,axis_lp_null,0.000000000000000000
-0.895254709252355174,0.000000000000000000,0.000000000000000000,0.000000000000000000,0.000000000000000000,4,axis_l3,0.057693384490972686,,,0.000000000000000000
-0.955907315804538915,-0.406057174738239546,0.000000000000000000,0.000000000000000000,0.000000000000000000,7,pair_l1_l2,0.022543144647178933,,,0.000000000000000000
-0.955907315804538915,-0.955907315804538915,-0.955907315804538915,0.000000000000000000,0.000000000000000000,8,triple_l1_l1_l1,0.001770878225839135,,,0.000000000000000000
-0.955907315804538915,-0.955907315804538915,0.000000000000000000,-0.955907315804538915,0.000000000000000000,8,triple_l1_l1_l1,0.001770878225839135,,,0.000000000000000000
-0.955907315804538915,-0.955907315804538915,0.000000000000000000,0.000000000000000000,-0.955907315804538915,8,triple_l1_l1_l1,0.001770878225839135,,,0.000000000000000000
-0.955907315804538915,-0.955907315804538915,0.000000000000000000,0.000000000000000000,0.000000000000000000,6,pair_l1_l1,-0.002176364981784279,5,pair_l1_l1,0.009708933337374199
-0.955907315804538915,-0.955907315804538915,0.000000000000000000,0.000000000000000000,0.955907315804538915,8,triple_l1_l1_l1,0.001770878225839135,,,0.000000000000000000
-0.955907315804538915,-0.955907315804538915,0.000000000000000000,0.955907315804538915,0.000000000000000000,8,triple_l1_l1_l1,0.001770878225839135,,,0.000000000000000000
-0.955907315804538915,-0.955907315804538915,0.955907315804538915,0.000000000000000000,0.000000000000000000,8,triple_l1_l1_l1,0.001770878225839135,,,0.000000000000000000
-0.955907315804538915,0.000000000000000000,-0.406057174738239546,0.000000000000000000,0.000000000000000000,7,pair_l1_l2,0.022543144647178933,,,0.000000000000000000
-0.955907315804538915,0.000000000000000000,-0.955907315804538915,-0.955907315804538915,0.000000000000000000,8,triple_l1_l1_l1,0.001770878225839135,,,0.000000000000000000
-0.955907315804538915,0.000000000000000000,-0.955907315804538915,0.000000000000000000,-0.955907315804538915,8,triple_l1_l1_l1,0.001770878225839135,,,0.000000000000000000
-0.955907315804538915,0.000000000000000000,-0.955907315804538915,0.000000000000000000,0.000000000000000000,6,pair_l1_l1,-0.002176364981784279,5,pair_l1_l1,0.009708933337374199
-0.955907315804538915,0.000000000000000000,-0.955907315804538915,0.000000000000000000,0.955907315804538915,8,triple_l1_l1_l1,0.001770878225839135,,,0.000000000000000000
-0.955907315804538915,0.000000000000000000,-0.955907315804538915,0.955907315804538915,0.000000000000000000,8,triple_l1_l1_l1,0.001770878225839135,,,0.000000000000000000
-0.955907315804538915,0.000000000000000000,0.000000000000000000,-0.406057174738239546,0.000000000000000000,7,pair_l1_l2,0.022543144647178933,,,0.000000000000000000
-0.955907315804538915,0.000000000000000000,0.000000000000000000,-0.955907315804538915,-0.955907315804538915,8,triple_l1_l1_l1,0.001770878225839135,,,0.000000000000000000
-0.955907315804538915,0.000000000000000000,0.000000000000000000,-0.955907315804538915,0.000000000000000000,6,pair_l1_l1,-0.002176364981784279,5,pair_l1_l1,0.009708933337374199
-0.955907315804538915,0.000000000000000000,0.000000000000000000,-0.955907315804538915,0.955907315804538915,8,triple_l1_l1_l1,0.001770878225839135,,,0.000000000000000000
-0.955907315804538915,0.000000000000000000,0.000000000000000000,0.000000000000000000,-0.406057174738239546,7,pair_l1_l2,0.022543144647178933,,,0.000000000000000000
-0.955907315804538915,0.000000000000000000,0.000000000000000000,0.000000000000000000,-0.955907315804538915,6,pair_l1_l1,-0.002176364981784279,5,pair_l1_l1,0.009708933337374199
-0.955907315804538915,0.000000000000000000,0.000000000000000000,0.000000000000000000,0.000000000000000000,2,axis_l1,-0.168928009435321380,3,axis_l1,-0.009048091851049170
-0.955907315804538915,0.000000000000000000,0.000000000000000000,0.000000000000000000,0.406057174738239546,7,pair_l1_l2,0.022543144647178933,,,0.000000000000000000
-0.955907315804538915,0.000000000000000000,0.000000000000000000,0.000000000000000000,0.955907315804538915,6,pair_l1_l1,-0.002176364981784279,5,pair_l1_l1,0.009708933337374199
-0.955907315804538915,0.000000000000000000,0.000000000000000000,0.406057174738239546,0.000000000000000000,7,pair_l1_l2,0.022543144647178933,,,0.000000000000000000
-0.955907315804538915,0.000000000000000000,0.000000000000000000,0.955907315804538915,-0.955907315804538915,8,triple_l1_l1_l1,0.001770878225839135,,,0.000000000000000000
-0.955907315804538915,0.000000000000000000,0.000000000000000000,0.955907315804538915,0.000000000000000000,6,pair_l1_l1,-0.002176364981784279,5,pair_l1_l1,0.009708933337374199
-0.955907315804538915,0.000000000000000000,0.000000000000000000,0.955907315804538915,0.955907315804538915,8,triple_l1_l1_l1,0.001770878225839135,,,0.000000000000000000
-0.955907315804538915,0.000000000000000000,0.406057174738239546,0.000000000000000000,0.000000000000000000,7,pair_l1_l2,0.022543144647178933,,,0.000000000000000000
-0.955907315804538915,0.000000000000000000,0.955907315804538915,-0.955907315804538915,0.000000000000000000,8,triple_l1_l1_l1,0.001770878225839135,,,0.000000000000000000
-0.955907315804538915,0.000000000000000000,0.955907315804538915,0.000000000000000000,-0.955907315804538915,8,triple_l1_l1_l1,0.001770878225839135,,,0.000000000000000000
-0.955907315804538915,0.000000000000000000,0.955907315804538915,0.000000000000000000,0.000000000000000000,6,pair_l1_l1,-0.002176364981784279,5,pair_l1_l1,0.009708933337374199
-0.955907315804538915,0.000000000000000000,0.955907315804538915,0.000000000000000000,0.955907315804538915,8,triple_l1_l1_l1,0.001770878225839135,,,0.000000000000000000
-0.955907315804538915,0.000000000000000000,0.955907315804538915,0.955907315804538915,0.000000000000000000,8,triple_l1_l1_l1,0.001770878225839135,,,0.000000000000000000
-0.955907315804538915,0.406057174738239546,0.000000000000000000,0.000000000000000000,0.000000000000000000,7,pair_l1_l2,0.022543144647178933,,,0.000000000000000000
-0.955907315804538915,0.955907315804538915,-0.955907315804538915,0.000000000000000000,0.000000000000000000,8,triple_l1_l1_l1,0.001770878225839135,,,0.000000000000000000
-0.955907315804538915,0.955907315804538915,0.000000000000000000,-0.955907315804538915,0.000000000000000000,8,triple_l1_l1_l1,0.001770878225839135,,,0.000000000000000000
-0.955907315804538915,0.955907315804538915,0.000000000000000000,0.000000000000000000,-0.955907315804538915,8,triple_l1_l1_l1,0.001770878225839135,,,0.000000000000000000
-0.955907315804538915,0.955907315804538915,0.000000000000000000,0.000000000000000000,0.000000000000000000,6,pair_l1_l1,-0.002176364981784279,5,pair_l1_l1,0.009708933337374199
-0.955907315804538915,0.955907315804538915,0.000000000000000000,0.000000000000000000,0.955907315804538915,8,triple_l1_l1_l1,0.001770878225839135,,,0.000000000000000000
-0.955907315804538915,0.955907315804538915,0.000000000000000000,0.955907315804538915,0.000000000000000000,8,triple_l1_l1_l1,0.001770878225839135,,,0.000000000000000000
-0.955907315804538915,0.955907315804538915,0.955907315804538915,0.000000000000000000,0.000000000000000000,8,triple_l1_l1_l1,0.001770878225839135,,,0.000000000000000000
0.000000000000000000,-0.250000000000000000,0.000000000000000000,0.000000000000000000,0.000000000000000000,5,axis_lp_null,0.000000000000000000,,,0.000000000000000000
0.000000000000000000,-0.406057174738239546,-0.955907315804538915,0.000000000000000000,0.000000000000000000,7,pair_l1_l2,0.022543144647178933,,,0.000000000000000000
0.000000000000000000,-0.406057174738239546,0.000000000000000000,-0.955907315804538915,0.000000000000000000,7,pair_l1_l2,0.022543144647178933,,,0.000000000000000000
0.000000000000000000,-0.406057174738239546,0.000000000000000000,0.000000000000000000,-0.955907315804538915,7,pair_l1_l2,0.022543144647178933,,,0.000000000000000000
0.000000000000000000,-0.406057174738239546,0.000000000000000000,0.000000000000000000,0.000000000000000000,3,axis_l2,-0.011272611228259233,2,axis_l2,0.123593980320432464
0.000000000000000000,-0.406057174738239546,0.000000000000000000,0.000000000000000000,0.955907315804538915,7,pair_l1_l2,0.022543144647178933,,,0.000000000000000000
0.000000000000000000,-0.406057174738239546,0.000000000000000000,0.955907315804538915,0.000000000000000000,7,pair_l1_l2,0.022543144647178933,,,0.000000000000000000
0.000000000000000000,-0.406057174738239546,0.955907315804538915,0.000000000000000000,0.000000000000000000,7,pair_l1_l2,0.022543144647178933,,,0.000000000000000000
0.000000000000000000,-0.750000000000000000,0.000000000000000000,0.000000000000000000,0.000000000000000000,,,0.000000000000000000,4,axis_lp_null,0.000000000000000000
0.000000000000000000,-0.895254709252355174,0.000000000000000000,0.000000000000000000,0.000000000000000000,4,axis_l3,0.057693384490972686,,,0.000000000000000000
0.000000000000000000,-0.955907315804538915,-0.406057174738239546,0.000000000000000000,0.000000000000000000,7,pair_l1_l2,0.022543144647178933,,,0.000000000000000000
0.000000000000000000,-0.955907315804538915,-0.955907315804538915,-0.955907315804538915,0.000000000000000000,8,triple_l1_l1_l1,0.001770878225839135,,,0.000000000000000000
0.000000000000000000,-0.955907315804538915,-0.955907315804538915,0.000000000000000000,-0.955907315804538915,8,triple_l1_l1_l1,0.001770878225839135,,,0.000000000000000000
0.000000000000000000,-0.955907315804538915,-0.955907315804538915,0.000000000000000000,0.000000000000000000,6,pair_l1_l1,-0.002176364981784279,5,pair_l1_l1,0.009708933337374199
0.000000000000000000,-0.955907315804538915,-0.955907315804538915,0.000000000000000000,0.955907315804538915,8,triple_l1_l1_l1,0.001770878225839135,,,0.000000000000000000
0.000000000000000000,-0.955907315804538915,-0.955907315804538915,0.955907315804538915,0.000000000000000000,8,triple_l1_l1_l1,0.001770878225839135,,,0.000000000000000000
0.000000000000000000,-0.955907315804538915,0.000000000000000000,-0.406057174738239546,0.000000000000000000,7,pair_l1_l2,0.022543144647178933,,,0.000000000000000000
0.000000000000000000,-0.955907315804538915,0.000000000000000000,-0.955907315804538915,-0.955907315804538915,8,triple_l1_l1_l1,0.001770878225839135,,,0.000000000000000000
0.000000000000000000,-0.955907315804538915,0.000000000000000000,-0.955907315804538915,0.000000000000000000,6,pair_l1_l1,-0.002176364981784279,5,pair_l1_l1,0.009708933337374199
0.000000000000000000,-0.955907315804538915,0.000000000000000000,-0.955907315804538915,0.955907315804538915,8,triple_l1_l1_l1,0.001770878225839135,,,0.000000000000000000
0.000000000000000000,-0.955907315804538915,0.000000000000000000,0.000000000000000000,-0.406057174738239546,7,pair_l1_l2,0.022543144647178933,,,0.000000000000000000
0.000000000000000000,-0.955907315804538915,0.000000000000000000,0.000000000000000000,-0.955907315804538915,6,pair_l1_l1,-0.002176364981784279,5,pair_l1_l1,0.009708933337374199
0.000000000000000000,-0.955907315804538915,0.000000000000000000,0.000000000000000000,0.000000000000000000,2,axis_l1,-0.168928009435321380,3,axis_l1,-0.009048091851049170
0.000000000000000000,-0.955907315804538915,0.000000000000000000,0.000000000000000000,0.406057174738239546,7,pair_l1_l2,0.022543144647178933,,,0.000000000000000000
0.000000000000000000,-0.955907315804538915,0.000000000000000000,0.000000000000000000,0.955907315804538915,6,pair_l1_l1,-0.002176364981784279,5,pair_l1_l1,0.009708933337374199
0.000000000000000000,-0.955907315804538915,0.000000000000000000,0.406057174738239546,0.000000000000000000,7,pair_l1_l2,0.022543144647178933,,,0.000000000000000000
0.000000000000000000,-0.955907315804538915,0.000000000000000000,0.955907315804538915,-0.955907315804538915,8,triple_l1_l1_l1,0.001770878225839135,,,0.000000000000000000
0.000000000000000000,-0.955907315804538915,0.000000000000000000,0.955907315804538915,0.000000000000000000,6,pair_l1_l1,-0.002176364981784279,5,pair_l1_l1,0.009708933337374199
0.000000000000000000,-0.955907315804538915,0.000000000000000000,0.955907315804538915,0.955907315804538915,8,triple_l1_l1_l1,0.001770878225839135,,,0.000000000000000000
0.000000000000000000,-0.955907315804538915,0.406057174738239546,0.000000000000000000,0.000000000000000000,7,pair_l1_l2,0.022543144647178933,,,0.000000000000000000
0.000000000000000000,-0.955907315804538915,0.955907315804538915,-0.955907315804538915,0.000000000000000000,8,triple_l1_l1_l1,0.001770878225839135,,,0.000000000000000000
0.000000000000000000,-0.955907315804538915,0.955907315804538915,0.000000000000000000,-0.955907315804538915,8,triple_l1_l1_l1,0.001770878225839135,,,0.000000000000000000
0.000000000000000000,-0.955907315804538915,0.955907315804538915,0.000000000000000000,0.000000000000000000,6,pair_l1_l1,-0.002176364981784279,5,pair_l1_l1,0.009708933337374199
0.000000000000000000,-0.955907315804538915,0.955907315804538915,0.000000000000000000,0.955907315804538915,8,triple_l1_l1_l1,0.001770878225839135,,,0.000000000000000000
0.000000000000000000,-0.955907315804538915,0.955907315804538915,0.955907315804538915,0.000000000000000000,8,triple_l1_l1_l1,0.001770878225839135,,,0.000000000000000000
0.000000000000000000,0.000000000000000000,-0.250000000000000000,0.000000000000000000,0.000000000000000000,5,axis_lp_null,0.000000000000000000,,,0.000000000000000000
0.000000000000000000,0.000000000000000000,-0.406057174738239546,-0.955907315804538915,0.000000000000000000,7,pair_l1_l2,0.022543144647178933,,,0.000000000000000000
0.000000000000000000,0.000000000000000000,-0.406057174738239546,0.000000000000000000,-0.955907315804538915,7,pair_l1_l2,0.022543144647178933,,,0.000000000000000000
0.000000000000000000,0.000000000000000000,-0.406057174738239546,0.000000000000000000,0.000000000000000000,3,axis_l2,-0.011272611228259233,2,axis_l2,0.123593980320432464
0.000000000000000000,0.000000000000000000,-0.406057174738239546,0.000000000000000000,0.955907315804538915,7,pair_l1_l2,0.022543144647178933,,,0.000000000000000000
0.000000000000000000,0.000000000000000000,-0.406057174738239546,0.955907315804538915,0.000000000000000000,7,pair_l1_l2,0.022543144647178933,,,0.000000000000000000
0.000000000000000000,0.000000000000000000,-0.750000000000000000,0.000000000000000000,0.000000000000000000,,,0.000000000000000000,4,axis_lp_null,0.000000000000000000
0.000000000000000000,0.000000000000000000,-0.895254709252355174,0.000000000000000000,0.000000000000000000,4,axis_l3,0.057693384490972686,,,0.000000000000000000
0.000000000000000000,0.000000000000000000,-0.955907315804538915,-0.406057174738239546,0.000000000000000000,7,pair_l1_l2,0.022543144647178933,,,0.000000000000000000
0.000000000000000000,0.000000000000000000,-0.955907315804538915,-0.955907315804538915,-0.955907315804538915,8,triple_l1_l1_l1,0.001770878225839135,,,0.000000000000000000
0.000000000000000000,0.000000000000000000,-0.955907315804538915,-0.955907315804538915,0.000000000000000000,6,pair_l1_l1,-0.002176364981784279,5,pair_l1_l1,0.009708933337374199
0.000000000000000000,0.000000000000000000,-0.955907315804538915,-0.955907315804538915,0.955907315804538915,8,triple_l1_l1_l1,0.001770878225839135,,,0.000000000000000000
0.000000000000000000,0.000000000000000000,-0.955907315804538915,0.000000000000000000,-0.406057174738239546,7,pair_l1_l2,0.022543144647178933,,,0.000000000000000000
0.000000000000000000,0.000000000000000000,-0.955907315804538915,0.000000000000000000,-0.955907315804538915,6,pair_l1_l1,-0.002176364981784279,5,pair_l1_l1,0.009708933337374199
0.000000000000000000,0.000000000000000000,-0.955907315804538915,0.000000000000000000,0.000000000000000000,2,axis_l1,-0.168928009435321380,3,axis_l1,-0.009048091851049170
0.000000000000000000,0.000000000000000000,-0.955907315804538915,0.000000000000000000,0.406057174738239546,7,pair_l1_l2,0.022543144647178933,,,0.000000000000000000
0.000000000000000000,0.000000000000000000,-0.955907315804538915,0.000000000000000000,0.955907315804538915,6,pair_l1_l1,-0.002176364981784279,5,pair_l1_l1,0.009708933337374199
0.000000000000000000,0.000000000000000000,-0.955907315804538915,0.406057174738239546,0.000000000000000000,7,pair_l1_l2,0.022543144647178933,,,0.000000000000000000
0.000000000000000000,0.000000000000000000,-0.955907315804538915,0.955907315804538915,-0.955907315804538915,8,triple_l1_l1_l1,0.001770878225839135,,,0.000000000000000000
0.000000000000000000,0.000000000000000000,-0.955907315804538915,0.955907315804538915,0.000000000000000000,6,pair_l1_l1,-0.002176364981784279,5,pair_l1_l1,0.009708933337374199
0.000000000000000000,0.000000000000000000,-0.955907315804538915,0.955907315804538915,0.955907315804538915,8,triple_l1_l1_l1,0.001770878225839135,,,0.000000000000000000
0.000000000000000000,0.000000000000000000,0.000000000000000000,-0.250000000000000000,0.000000000000000000,5,axis_lp_null,0.000000000000000000,,,0.000000000000000000
0.000000000000000000,0.000000000000000000,0.000000000000000000,-0.406057174738239546,-0.955907315804538915,7,pair_l1_l2,0.022543144647178933,,,0.000000000000000000
0.000000000000000000,0.000000000000000000,0.000000000000000000,-0.406057174738239546,0.000000000000000000,3,axis_l2,-0.011272611228259233,2,axis_l2,0.123593980320432464
0.000000000000000000,0.000000000000000000,0.000000000000000000,-0.406057174738239546,0.955907315804538915,7,pair_l1_l2,0.022543144647178933,,,0.000000000000000000
0.000000000000000000,0.000000000000000000,0.000000000000000000,-0.750000000000000000,0.000000000000000000,,,0.000000000000000000,4,axis_lp_null,0.000000000000000000
0.000000000000000000,0.000000000000000000,0.000000000000000000,-0.895254709252355174,0.000000000000000000,4,axis_l3,0.057693384490972686,,,0.000000000000000000
0.000000000000000000,0.000000000000000000,0.000000000000000000,-0.955907315804538915,-0.406057174738239546,7,pair_l1_l2,0.022543144647178933,,,0.000000000000000000
0.000000000000000000,0.000000000000000000,0.000000000000000000,-0.955907315804538915,-0.955907315804538915,6,pair_l1_l1,-0.002176364981784279,5,pair_l1_l1,0.009708933337374199
0.000000000000000000,0.000000000000000000,0.000000000000000000,-0.955907315804538915,0.000000000000000000,2,axis_l1,-0.168928009435321380,3,axis_l1,-0.009048091851049170
0.000000000000000000,0.000000000000000000,0.000000000000000000,-0.955907315804538915,0.406057174738239546,7,pair_l1_l2,0.022543144647178933,,,0.000000000000000000
0.000000000000000000,0.000000000000000000,0.000000000000000000,-0.955907315804538915,0.955907315804538915,6,pair_l1_l1,-0.002176364981784279,5,pair_l1_l1,0.009708933337374199
0.000000000000000000,0.000000000000000000,0.000000000000000000,0.000000000000000000,-0.250000000000000000,5,axis_lp_null,0.000000000000000000,,,0.000000000000000000
0.000000000000000000,0.000000000000000000,0.000000000000000000,0.000000000000000000,-0.406057174738239546,3,axis_l2,-0.011272611228259233,2,axis_l2,0.123593980320432464
0.000000000000000000,0.000000000000000000,0.000000000000000000,0.000000000000000000,-0.750000000000000000,,,0.000000000000000000,4,axis_lp_null,0.000000000000000000
0.000000000000000000,0.000000000000000000,0.000000000000000000,0.000000000000000000,-0.895254709252355174,4,axis_l3,0.057693384490972686,,,0.000000000000000000
0.000000000000000000,0.000000000000000000,0.000000000000000000,0.000000000000000000,-0.955907315804538915,2,axis_l1,-0.168928009435321380,3,axis_l1,-0.009048091851049170
0.000000000000000000,0.000000000000000000,0.000000000000000000,0.000000000000000000,0.000000000000000000,1,center,31.115505016202856581,1,center,30.111040469485857329
0.000000000000000000,0.000000000000000000,0.000000000000000000,0.000000000000000000,0.250000000000000000,5,axis_lp_null,0.000000000000000000,,,0.000000000000000000
0.000000000000000000,0.000000000000000000,0.000000000000000000,0.000000000000000000,0.406057174738239546,3,axis_l2,-0.011272611228259233,2,axis_l2,0.123593980320432464
0.000000000000000000,0.000000000000000000,0.000000000000000000,0.000000000000000000,0.750000000000000000,,,0.000000000000000000,4,axis_lp_null,0.000000000000000000
0.000000000000000000,0.000000000000000000,0.000000000000000000,0.000000000000000000,0.895254709252355174,4,axis_l3,0.057693384490972686,,,0.000000000000000000
0.000000000000000000,0.000000000000000000,0.000000000000000000,0.000000000000000000,0.955907315804538915,2,axis_l1,-0.168928009435321380,3,axis_l1,-0.009048091851049170
0.000000000000000000,0.000000000000000000,0.000000000000000000,0.250000000000000000,0.000000000000000000,5,axis_lp_null,0.000000000000000000,,,0.000000000000000000
0.000000000000000000,0.000000000000000000,0.000000000000000000,0.406057174738239546,-0.955907315804538915,7,pair_l1_l2,0.022543144647178933,,,0.000000000000000000
0.000000000000000000,0.000000000000000000,0.000000000000000000,0.406057174738239546,0.000000000000000000,3,axis_l2,-0.011272611228259233,2,axis_l2,0.123593980320432464
0.000000000000000000,0.000000000000000000,0.000000000000000000,0.406057174738239546,0.955907315804538915,7,pair_l1_l2,0.022543144647178933,,,0.000000000000000000
0.000000000000000000,0.000000000000000000,0.000000000000000000,0.750000000000000000,0.000000000000000000,,,0.000000000000000000,4,axis_lp_null,0.000000000000000000
0.000000000000000000,0.000000000000000000,0.000000000000000000,0.895254709252355174,0.000000000000000000,4,axis_l3,0.057693384490972686,,,0.000000000000000000
0.000000000000000000,0.000000000000000000,0.000000000000000000,0.955907315804538915,-0.406057174738239546,7,pair_l1_l2,0.022543144647178933,,,0.000000000000000000
0.000000000000000000,0.000000000000000000,0.000000000000000000,0.955907315804538915,-0.955907315804538915,6,pair_l1_l1,-0.002176364981784279,5,pair_l1_l1,0.009708933337374199
0.000000000000000000,0.000000000000000000,0.000000000000000000,0.955907315804538915,0.000000000000000000,2,axis_l1,-0.168928009435321380,3,axis_l1,-0.009048091851049170
0.000000000000000000,0.000000000000000000,0.000000000000000000,0.955907315804538915,0.406057174738239546,7,pair_l1_l2,0.022543144647178933,,,0.000000000000000000
0.000000000000000000,0.000000000000000000,0.000000000000000000,0.955907315804538915,0.955907315804538915,6,pair_l1_l1,-0.002176364981784279,5,pair_l1_l1,0.009708933337374199
0.000000000000000000,0.000000000000000000,0.250000000000000000,0.000000000000000000,0.000000000000000000,5,axis_lp_null,0.000000000000000000,,,0.000000000000000000
0.000000000000000000,0.000000000000000000,0.406057174738239546,-0.955907315804538915,0.000000000000000000,7,pair_l1_l2,0.022543144647178933,,,0.000000000000000000
0.000000000000000000,0.000000000000000000,0.406057174738239546,0.000000000000000000,-0.955907315804538915,7,pair_l1_l2,0.022543144647178933,,,0.000000000000000000
0.000000000000000000,0.000000000000000000,0.406057174738239546,0.000000000000000000,0.000000000000000000,3,axis_l2,-0.011272611228259233,2,axis_l2,0.123593980320432464
0.000000000000000000,0.000000000000000000,0.406057174738239546,0.000000000000000000,0.955907315804538915,7,pair_l1_l2,0.022543144647178933,,,0.000000000000000000
0.000000000000000000,0.000000000000000000,0.406057174738239546,0.955907315804538915,0.000000000000000000,7,pair_l1_l2,0.022543144647178933,,,0.000000000000000000
0.000000000000000000,0.000000000000000000,0.750000000000000000,0.000000000000000000,0.000000000000000000,,,0.000000000000000000,4,axis_lp_null,0.000000000000000000
0.000000000000000000,0.000000000000000000,0.895254709252355174,0.000000000000000000,0.000000000000000000,4,axis_l3,0.057693384490972686,,,0.000000000000000000
0.000000000000000000,0.000000000000000000,0.955907315804538915,-0.406057174738239546,0.000000000000000000,7,pair_l1_l2,0.022543144647178933,,,0.000000000000000000
0.000000000000000000,0.000000000000000000,0.955907315804538915,-0.955907315804538915,-0.955907315804538915,8,triple_l1_l1_l1,0.001770878225839135,,,0.000000000000000000
0.000000000000000000,0.000000000000000000,0.955907315804538915,-0.955907315804538915,0.000000000000000000,6,pair_l1_l1,-0.002176364981784279,5,pair_l1_l1,0.009708933337374199
0.000000000000000000,0.000000000000000000,0.955907315804538915,-0.955907315804538915,0.955907315804538915,8,triple_l1_l1_l1,0.001770878225839135,,,0.000000000000000000
0.000000000000000000,0.000000000000000000,0.955907315804538915,0.000000000000000000,-0.406057174738239546,7,pair_l1_l2,0.022543144647178933,,,0.000000000000000000
0.000000000000000000,0.000000000000000000,0.955907315804538915,0.000000000000000000,-0.955907315804538915,6,pair_l1_l1,-0.002176364981784279,5,pair_l1_l1,0.009708933337374199
0.000000000000000000,0.000000000000000000,0.955907315804538915,0.000000000000000000,0.000000000000000000,2,axis_l1,-0.168928009435321380,3,axis_l1,-0.009048091851049170
0.000000000000000000,0.000000000000000000,0.955907315804538915,0.000000000000000000,0.406057174738239546,7,pair_l1_l2,0.022543144647178933,,,0.000000000000000000
0.000000000000000000,0.000000000000000000,0.955907315804538915,0.000000000000000000,0.955907315804538915,6,pair_l1_l1,-0.002176364981784279,5,pair_l1_l1,0.009708933337374199
0.000000000000000000,0.000000000000000000,0.955907315804538915,0.406057174738239546,0.000000000000000000,7,pair_l1_l2,0.022543144647178933,,,0.000000000000000000
0.000000000000000000,0.000000000000000000,0.955907315804538915,0.955907315804538915,-0.955907315804538915,8,triple_l1_l1_l1,0.001770878225839135,,,0.000000000000000000
0.000000000000000000,0.000000000000000000,0.955907315804538915,0.955907315804538915,0.000000000000000000,6,pair_l1_l1,-0.002176364981784279,5,pair_l1_l1,0.009708933337374199
0.000000000000000000,0.000000000000000000,0.955907315804538915,0.955907315804538915,0.955907315804538915,8,triple_l1_l1_l1,0.001770878225839135,,,0.000000000000000000
0.000000000000000000,0.250000000000000000,0.000000000000000000,0.000000000000000000,0.000000000000000000,5,axis_lp_null,0.000000000000000000,,,0.000000000000000000
0.000000000000000000,0.406057174738239546,-0.955907315804538915,0.000000000000000000,0.000000000000000000,7,pair_l1_l2,0.022543144647178933,,,0.000000000000000000
0.000000000000000000,0.406057174738239546,0.000000000000000000,-0.955907315804538915,0.000000000000000000,7,pair_l1_l2,0.022543144647178933,,,0.000000000000000000
0.000000000000000000,0.406057174738239546,0.000000000000000000,0.000000000000000000,-0.955907315804538915,7,pair_l1_l2,0.022543144647178933,,,0.000000000000000000
0.000000000000000000,0.406057174738239546,0.000000000000000000,0.000000000000000000,0.000000000000000000,3,axis_l2,-0.011272611228259233,2,axis_l2,0.123593980320432464
0.000000000000000000,0.406057174738239546,0.000000000000000000,0.000000000000000000,0.955907315804538915,7,pair_l1_l2,0.022543144647178933,,,0.000000000000000000
0.000000000000000000,0.406057174738239546,0.000000000000000000,0.955907315804538915,0.000000000000000000,7,pair_l1_l2,0.022543144647178933,,,0.000000000000000000
0.000000000000000000,0.406057174738239546,0.955907315804538915,0.000000000000000000,0.000000000000000000,7,pair_l1_l2,0.022543144647178933,,,0.000000000000000000
0.000000000000000000,0.750000000000000000,0.000000000000000000,0.000000000000000000,0.000000000000000000,,,0.000000000000000000,4,axis_lp_null,0.000000000000000000
0.000000000000000000,0.895254709252355174,0.000000000000000000,0.000000000000000000,0.000000000000000000,4,axis_l3,0.057693384490972686,,,0.000000000000000000
0.000000000000000000,0.955907315804538915,-0.406057174738239546,0.000000000000000000,0.000000000000000000,7,pair_l1_l2,0.022543144647178933,,,0.000000000000000000
0.000000000000000000,0.955907315804538915,-0.955907315804538915,-0.955907315804538915,0.000000000000000000,8,triple_l1_l1_l1,0.001770878225839135,,,0.000000000000000000
0.000000000000000000,0.955907315804538915,-0.955907315804538915,0.000000000000000000,-0.955907315804538915,8,triple_l1_l1_l1,0.001770878225839135,,,0.000000000000000000
0.000000000000000000,0.955907315804538915,-0.955907315804538915,0.000000000000000000,0.000000000000000000,6,pair_l1_l1,-0.002176364981784279,5,pair_l1_l1,0.009708933337374199
0.000000000000000000,0.955907315804538915,-0.955907315804538915,0.000000000000000000,0.955907315804538915,8,triple_l1_l1_l1,0.001770878225839135,,,0.000000000000000000
0.000000000000000000,0.955907315804538915,-0.955907315804538915,0.955907315804538915,0.000000000000000000,8,triple_l1_l1_l1,0.001770878225839135,,,0.000000000000000000
0.000000000000000000,0.955907315804538915,0.000000000000000000,-0.406057174738239546,0.000000000000000000,7,pair_l1_l2,0.022543144647178933,,,0.000000000000000000
0.000000000000000000,0.955907315804538915,0.000000000000000000,-0.955907315804538915,-0.955907315804538915,8,triple_l1_l1_l1,0.001770878225839135,,,0.000000000000000000
0.000000000000000000,0.955907315804538915,0.000000000000000000,-0.955907315804538915,0.000000000000000000,6,pair_l1_l1,-0.002176364981784279,5,pair_l1_l1,0.009708933337374199
0.000000000000000000,0.955907315804538915,0.000000000000000000,-0.955907315804538915,0.955907315804538915,8,triple_l1_l1_l1,0.001770878225839135,,,0.000000000000000000
0.000000000000000000,0.955907315804538915,0.000000000000000000,0.000000000000000000,-0.406057174738239546,7,pair_l1_l2,0.022543144647178933,,,0.000000000000000000
0.000000000000000000,0.955907315804538915,0.000000000000000000,0.000000000000000000,-0.955907315804538915,6,pair_l1_l1,-0.002176364981784279,5,pair_l1_l1,0.009708933337374199
0.000000000000000000,0.955907315804538915,0.000000000000000000,0.000000000000000000,0.000000000000000000,2,axis_l1,-0.168928009435321380,3,axis_l1,-0.009048091851049170
0.000000000000000000,0.955907315804538915,0.000000000000000000,0.000000000000000000,0.406057174738239546,7,pair_l1_l2,0.022543144647178933,,,0.000000000000000000
0.000000000000000000,0.955907315804538915,0.000000000000000000,0.000000000000000000,0.955907315804538915,6,pair_l1_l1,-0.002176364981784279,5,pair_l1_l1,0.009708933337374199
0.000000000000000000,0.955907315804538915,0.000000000000000000,0.406057174738239546,0.000000000000000000,7,pair_l1_l2,0.022543144647178933,,,0.000000000000000000
0.000000000000000000,0.955907315804538915,0.000000000000000000,0.955907315804538915,-0.955907315804538915,8,triple_l1_l1_l1,0.001770878225839135,,,0.000000000000000000
0.000000000000000000,0.955907315804538915,0.000000000000000000,0.955907315804538915,0.000000000000000000,6,pair_l1_l1,-0.002176364981784279,5,pair_l1_l1,0.009708933337374199
0.000000000000000000,0.955907315804538915,0.000000000000000000,0.955907315804538915,0.955907315804538915,8,triple_l1_l1_l1,0.001770878225839135,,,0.000000000000000000
0.000000000000000000,0.955907315804538915,0.406057174738239546,0.000000000000000000,0.000000000000000000,7,pair_l1_l2,0.022543144647178933,,,0.000000000000000000
0.000000000000000000,0.955907315804538915,0.955907315804538915,-0.955907315804538915,0.000000000000000000,8,triple_l1_l1_l1,0.001770878225839135,,,0.000000000000000000
0.000000000000000000,0.955907315804538915,0.955907315804538915,0.000000000000000000,-0.955907315804538915,8,triple_l1_l1_l1,0.001770878225839135,,,0.000000000000000000
0.000000000000000000,0.955907315804538915,0.955907315804538915,0.000000000000000000,0.000000000000000000,6,pair_l1_l1,-0.002176364981784279,5,pair_l1_l1,0.009708933337374199
0.000000000000000000,0.955907315804538915,0.955907315804538915,0.000000000000000000,0.955907315804538915,8,triple_l1_l1_l1,0.001770878225839135,,,0.000000000000000000
0.000000000000000000,0.955907315804538915,0.955907315804538915,0.955907315804538915,0.000000000000000000,8,triple_l1_l1_l1,0.001770878225839135,,,0.000000000000000000
0.250000000000000000,0.000000000000000000,0.000000000000000000,0.000000000000000000,0.000000000000000000,5,axis_lp_null,0.000000000000000000,,,0.000000000000000000
0.406057174738239546,-0.955907315804538915,0.000000000000000000,0.000000000000000000,0.000000000000000000,7,pair_l1_l2,0.022543144647178933,,,0.000000000000000000
0.406057174738239546,0.000000000000000000,-0.955907315804538915,0.000000000000000000,0.000000000000000000,7,pair_l1_l2,0.022543144647178933,,,0.000000000000000000
0.406057174738239546,0.000000000000000000,0.000000000000000000,-0.955907315804538915,0.000000000000000000,7,pair_l1_l2,0.022543144647178933,,,0.000000000000000000
0.406057174738239546,0.000000000000000000,0.000000000000000000,0.000000000000000000,-0.955907315804538915,7,pair_l1_l2,0.022543144647178933,,,0.000000000000000000
0.406057174738239546,0.000000000000000000,0.000000000000000000,0.000000000000000000,0.000000000000000000,3,axis_l2,-0.011272611228259233,2,axis_l2,0.123593980320432464
0.406057174738239546,0.000000000000000000,0.000000000000000000,0.000000000000000000,0.955907315804538915,7,pair_l1_l2,0.022543144647178933,,,0.000000000000000000
0.406057174738239546,0.000000000000000000,0.000000000000000000,0.955907315804538915,0.000000000000000000,7,pair_l1_l2,0.022543144647178933,,,0.000000000000000000
0.406057174738239546,0.000000000000000000,0.955907315804538915,0.000000000000000000,0.000000000000000000,7,pair_l1_l2,0.022543144647178933,,,0.000000000000000000
0.406057174738239546,0.955907315804538915,0.000000000000000000,0.000000000000000000,0.000000000000000000,7,pair_l1_l2,0.022543144647178933,,,0.000000000000000000
0.686075797561756295,-0.686075797561756295,-0.686075797561756295,-0.686075797561756295,-0.686075797561756295,9,full_diag_l0,0.007859378592285870,6,full_diag_l0,0.011098228510166877
0.686075797561756295,-0.686075797561756295,-0.686075797561756295,-0.686075797561756295,0.686075797561756295,9,full_diag_l0,0.007859378592285870,6,full_diag_l0,0.011098228510166877
0.686075797561756295,-0.686075797561756295,-0.686075797561756295,0.686075797561756295,-0.686075797561756295,9,full_diag_l0,0.007859378592285870,6,full_diag_l0,0.011098228510166877
0.686075797561756295,-0.686075797561756295,-0.686075797561756295,0.686075797561756295,0.686075797561756295,9,full_diag_l0,0.007859378592285870,6,full_diag_l0,0.011098228510166877
0.686075797561756295,-0.686075797561756295,0.686075797561756295,-0.686075797561756295,-0.686075797561756295,9,full_diag_l0,0.007859378592285870,6,full_diag_l0,0.011098228510166877
0.686075797561756295,-0.686075797561756295,0.686075797561756295,-0.686075797561756295,0.686075797561756295,9,full_diag_l0,0.007859378592285870,6,full_diag_l0,0.011098228510166877
0.686075797561756295,-0.686075797561756295,0.686075797561756295,0.686075797561756295,-0.686075797561756295,9,full_diag_l0,0.007859378592285870,6,full_diag_l0,0.011098228510166877
0.686075797561756295,-0.686075797561756295,0.686075797561756295,0.686075797561756295,0.686075797561756295,9,full_diag_l0,0.007859378592285870,6,full_diag_l0,0.011098228510166877
0.686075797561756295,0.686075797561756295,-0.686075797561756295,-0.686075797561756295,-0.686075797561756295,9,full_diag_l0,0.007859378592285870,6,full_diag_l0,0.011098228510166877
0.686075797561756295,0.686075797561756295,-0.686075797561756295,-0.686075797561756295,0.686075797561756295,9,full_diag_l0,0.007859378592285870,6,full_diag_l0,0.011098228510166877
0.686075797561756295,0.686075797561756295,-0.686075797561756295,0.686075797561756295,-0.686075797561756295,9,full_diag_l0,0.007859378592285870,6,full_diag_l0,0.011098228510166877
0.686075797561756295,0.686075797561756295,-0.686075797561756295,0.686075797561756295,0.686075797561756295,9,full_diag_l0,0.007859378592285870,6,full_diag_l0,0.011098228510166877
0.686075797561756295,0.686075797561756295,0.686075797561756295,-0.686075797561756295,-0.686075797561756295,9,full_diag_l0,0.007859378592285870,6,full_diag_l0,0.011098228510166877
0.686075797561756295,0.686075797561756295,0.686075797561756295,-0.686075797561756295,0.686075797561756295,9,full_diag_l0,0.007859378592285870,6,full_diag_l0,0.011098228510166877
0.686075797561756295,0.686075797561756295,0.686075797561756295,0.686075797561756295,-0.686075797561756295,9,full_diag_l0,0.007859378592285870,6,full_diag_l0,0.011098228510166877
0.686075797561756295,0.686075797561756295,0.686075797561756295,0.686075797561756295,0.686075797561756295,9,full_diag_l0,0.007859378592285870,6,full_diag_l0,0.011098228510166877
0.750000000000000000,0.000000000000000000,0.000000000000000000,0.000000000000000000,0.000000000000000000,,,0.000000000000000000,4,axis_lp_null,0.000000000000000000
0.895254709252355174,0.000000000000000000,0.000000000000000000,0.000000000000000000,0.000000000000000000,4,axis_l3,0.057693384490972686,,,0.000000000000000000
0.955907315804538915,-0.406057174738239546,0.000000000000000000,0.000000000000000000,0.000000000000000000,7,pair_l1_l2,0.022543144647178933,,,0.000000000000000000
0.955907315804538915,-0.955907315804538915,-0.955907315804538915,0.000000000000000000,0.000000000000000000,8,triple_l1_l1_l1,0.001770878225839135,,,0.000000000000000000
0.955907315804538915,-0.955907315804538915,0.000000000000000000,-0.955907315804538915,0.000000000000000000,8,triple_l1_l1_l1,0.001770878225839135,,,0.000000000000000000
0.955907315804538915,-0.955907315804538915,0.000000000000000000,0.000000000000000000,-0.955907315804538915,8,triple_l1_l1_l1,0.001770878225839135,,,0.000000000000000000
0.955907315804538915,-0.955907315804538915,0.000000000000000000,0.000000000000000000,0.000000000000000000,6,pair_l1_l1,-0.002176364981784279,5,pair_l1_l1,0.009708933337374199
0.955907315804538915,-0.955907315804538915,0.000000000000000000,0.000000000000000000,0.955907315804538915,8,triple_l1_l1_l1,0.001770878225839135,,,0.000000000000000000
0.955907315804538915,-0.955907315804538915,0.000000000000000000,0.955907315804538915,0.000000000000000000,8,triple_l1_l1_l1,0.001770878225839135,,,0.000000000000000000
0.955907315804538915,-0.955907315804538915,0.955907315804538915,0.000000000000000000,0.000000000000000000,8,triple_l1_l1_l1,0.001770878225839135,,,0.000000000000000000
0.955907315804538915,0.000000000000000000,-0.406057174738239546,0.000000000000000000,0.000000000000000000,7,pair_l1_l2,0.022543144647178933,,,0.000000000000000000
0.955907315804538915,0.000000000000000000,-0.955907315804538915,-0.955907315804538915,0.000000000000000000,8,triple_l1_l1_l1,0.001770878225839135,,,0.000000000000000000
0.955907315804538915,0.000000000000000000,-0.955907315804538915,0.000000000000000000,-0.955907315804538915,8,triple_l1_l1_l1,0.001770878225839135,,,0.000000000000000000
0.955907315804538915,0.000000000000000000,-0.955907315804538915,0.000000000000000000,0.000000000000000000,6,pair_l1_l1,-0.002176364981784279,5,pair_l1_l1,0.009708933337374199
0.955907315804538915,0.000000000000000000,-0.955907315804538915,0.000000000000000000,0.955907315804538915,8,triple_l1_l1_l1,0.001770878225839135,,,0.000000000000000000
0.955907315804538915,0.000000000000000000,-0.955907315804538915,0.955907315804538915,0.000000000000000000,8,triple_l1_l1_l1,0.001770878225839135,,,0.000000000000000000
0.955907315804538915,0.000000000000000000,0.000000000000000000,-0.406057174738239546,0.000000000000000000,7,pair_l1_l2,0.022543144647178933,,,0.000000000000000000
0.955907315804538915,0.000000000000000000,0.000000000000000000,-0.955907315804538915,-0.955907315804538915,8,triple_l1_l1_l1,0.001770878225839135,,,0.000000000000000000
0.955907315804538915,0.000000000000000000,0.000000000000000000,-0.955907315804538915,0.000000000000000000,6,pair_l1_l1,-0.002176364981784279,5,pair_l1_l1,0.009708933337374199
0.955907315804538915,0.000000000000000000,0.000000000000000000,-0.955907315804538915,0.955907315804538915,8,triple_l1_l1_l1,0.001770878225839135,,,0.000000000000000000
0.955907315804538915,0.000000000000000000,0.000000000000000000,0.000000000000000000,-0.406057174738239546,7,pair_l1_l2,0.022543144647178933,,,0.000000000000000000
0.955907315804538915,0.000000000000000000,0.000000000000000000,0.000000000000000000,-0.955907315804538915,6,pair_l1_l1,-0.002176364981784279,5,pair_l1_l1,0.009708933337374199
0.955907315804538915,0.000000000000000000,0.000000000000000000,0.000000000000000000,0.000000000000000000,2,axis_l1,-0.168928009435321380,3,axis_l1,-0.009048091851049170
0.955907315804538915,0.000000000000000000,0.000000000000000000,0.000000000000000000,0.406057174738239546,7,pair_l1_l2,0.022543144647178933,,,0.000000000000000000
0.955907315804538915,0.000000000000000000,0.000000000000000000,0.000000000000000000,0.955907315804538915,6,pair_l1_l1,-0.002176364981784279,5,pair_l1_l1,0.009708933337374199
0.955907315804538915,0.000000000000000000,0.000000000000000000,0.406057174738239546,0.000000000000000000,7,pair_l1_l2,0.022543144647178933,,,0.000000000000000000
0.955907315804538915,0.000000000000000000,0.000000000000000000,0.955907315804538915,-0.955907315804538915,8,triple_l1_l1_l1,0.001770878225839135,,,0.000000000000000000
0.955907315804538915,0.000000000000000000,0.000000000000000000,0.955907315804538915,0.000000000000000000,6,pair_l1_l1,-0.002176364981784279,5,pair_l1_l1,0.009708933337374199
0.955907315804538915,0.000000000000000000,0.000000000000000000,0.955907315804538915,0.955907315804538915,8,triple_l1_l1_l1,0.001770878225839135,,,0.000000000000000000
0.955907315804538915,0.000000000000000000,0.406057174738239546,0.000000000000000000,0.000000000000000000,7,pair_l1_l2,0.022543144647178933,,,0.000000000000000000
0.955907315804538915,0.000000000000000000,0.955907315804538915,-0.955907315804538915,0.000000000000000000,8,triple_l1_l1_l1,0.001770878225839135,,,0.000000000000000000
0.955907315804538915,0.000000000000000000,0.955907315804538915,0.000000000000000000,-0.955907315804538915,8,triple_l1_l1_l1,0.001770878225839135,,,0.000000000000000000
0.955907315804538915,0.000000000000000000,0.955907315804538915,0.000000000000000000,0.000000000000000000,6,pair_l1_l1,-0.002176364981784279,5,pair_l1_l1,0.009708933337374199
0.955907315804538915,0.000000000000000000,0.955907315804538915,0.000000000000000000,0.955907315804538915,8,triple_l1_l1_l1,0.001770878225839135,,,0.000000000000000000
0.955907315804538915,0.000000000000000000,0.955907315804538915,0.955907315804538915,0.000000000000000000,8,triple_l1_l1_l1,0.001770878225839135,,,0.000000000000000000
0.955907315804538915,0.406057174738239546,0.000000000000000000,0.000000000000000000,0.000000000000000000,7,pair_l1_l2,0.022543144647178933,,,0.000000000000000000
0.955907315804538915,0.955907315804538915,-0.955907315804538915,0.000000000000000000,0.000000000000000000,8,triple_l1_l1_l1,0.001770878225839135,,,0.000000000000000000
0.955907315804538915,0.955907315804538915,0.000000000000000000,-0.955907315804538915,0.000000000000000000,8,triple_l1_l1_l1,0.001770878225839135,,,0.000000000000000000
0.955907315804538915,0.955907315804538915,0.000000000000000000,0.000000000000000000,-0.955907315804538915,8,triple_l1_l1_l1,0.001770878225839135,,,0.000000000000000000
0.955907315804538915,0.955907315804538915,0.000000000000000000,0.000000000000000000,0.000000000000000000,6,pair_l1_l1,-0.002176364981784279,5,pair_l1_l1,0.009708933337374199
0.955907315804538915,0.955907315804538915,0.000000000000000000,0.000000000000000000,0.955907315804538915,8,triple_l1_l1_l1,0.001770878225839135,,,0.000000000000000000
0.955907315804538915,0.955907315804538915,0.000000000000000000,0.955907315804538915,0.000000000000000000,8,triple_l1_l1_l1,0.001770878225839135,,,0.000000000000000000
0.955907315804538915,0.955907315804538915,0.955907315804538915,0.000000000000000000,0.000000000000000000,8,triple_l1_l1_l1,0.001770878225839135,,,0.000000000000000000
