group,group_label,node_index,x1,x2,x3,x4,x5,x6,weight
1,center,1,0.000000000000000000,0.000000000000000000,0.000000000000000000,0.000000000000000000,0.000000000000000000,0.000000000000000000,33.151498239467218219
2,axis_l1,1,-0.955907315804539012,0.000000000000000000,0.000000000000000000,0.000000000000000000,0.000000000000000000,0.000000000000000000,-12.964995575216289980
2,axis_l1,2,0.955907315804539012,0.000000000000000000,0.000000000000000000,0.000000000000000000,0.000000000000000000,0.000000000000000000,-12.964995575216289980
2,axis_l1,3,0.000000000000000000,-0.955907315804539012,0.000000000000000000,0.000000000000000000,0.000000000000000000,0.000000000000000000,-12.964995575216289980
2,axis_l1,4,0.000000000000000000,0.955907315804539012,0.000000000000000000,0.000000000000000000,0.000000000000000000,0.000000000000000000,-12.964995575216289980
2,axis_l1,5,0.000000000000000000,0.000000000000000000,-0.955907315804539012,0.000000000000000000,0.000000000000000000,0.000000000000000000,-12.964995575216289980
2,axis_l1,6,0.000000000000000000,0.000000000000000000,0.955907315804539012,0.000000000000000000,0.000000000000000000,0.000000000000000000,-12.964995575216289980
2,axis_l1,7,0.000000000000000000,0.000000000000000000,0.000000000000000000,-0.955907315804539012,0.000000000000000000,0.000000000000000000,-12.964995575216289980
2,axis_l1,8,0.000000000000000000,0.000000000000000000,0.000000000000000000,0.955907315804539012,0.000000000000000000,0.000000000000000000,-12.964995575216289980
2,axis_l1,9,0.000000000000000000,0.000000000000000000,0.000000000000000000,0.000000000000000000,-0.955907315804539012,0.000000000000000000,-12.964995575216289980
2,axis_l1,10,0.000000000000000000,0.000000000000000000,0.000000000000000000,0.000000000000000000,0.955907315804539012,0.000000000000000000,-12.964995575216289980
2,axis_l1,11,0.000000000000000000,0.000000000000000000,0.000000000000000000,0.000000000000000000,0.000000000000000000,-0.955907315804539012,-12.964995575216289980
2,axis_l1,12,0.000000000000000000,0.000000000000000000,0.000000000000000000,0.000000000000000000,0.000000000000000000,0.955907315804539012,-12.964995575216289980
3,axis_l2,1,-0.406057174738239736,0.000000000000000000,0.000000000000000000,0.000000000000000000,0.000000000000000000,0.000000000000000000,-3.606969633447623075
3,axis_l2,2,0.406057174738239736,0.000000000000000000,0.000000000000000000,0.000000000000000000,0.000000000000000000,0.000000000000000000,-3.606969633447623075
3,axis_l2,3,0.000000000000000000,-0.406057174738239736,0.000000000000000000,0.000000000000000000,0.000000000000000000,0.000000000000000000,-3.606969633447623075
3,axis_l2,4,0.000000000000000000,0.406057174738239736,0.000000000000000000,0.000000000000000000,0.000000000000000000,0.000000000000000000,-3.606969633447623075
3,axis_l2,5,0.000000000000000000,0.000000000000000000,-0.406057174738239736,0.000000000000000000,0.000000000000000000,0.000000000000000000,-3.606969633447623075
3,axis_l2,6,0.000000000000000000,0.000000000000000000,0.406057174738239736,0.000000000000000000,0.000000000000000000,0.000000000000000000,-3.606969633447623075
3,axis_l2,7,0.000000000000000000,0.000000000000000000,0.000000000000000000,-0.406057174738239736,0.000000000000000000,0.000000000000000000,-3.606969633447623075
3,axis_l2,8,0.000000000000000000,0.000000000000000000,0.000000000000000000,0.406057174738239736,0.000000000000000000,0.000000000000000000,-3.606969633447623075
3,axis_l2,9,0.000000000000000000,0.000000000000000000,0.000000000000000000,0.000000000000000000,-0.406057174738239736,0.000000000000000000,-3.606969633447623075
3,axis_l2,10,0.000000000000000000,0.000000000000000000,0.000000000000000000,0.000000000000000000,0.406057174738239736,0.000000000000000000,-3.606969633447623075
3,axis_l2,11,0.000000000000000000,0.000000000000000000,0.000000000000000000,0.000000000000000000,0.000000000000000000,-0.406057174738239736,-3.606969633447623075
3,axis_l2,12,0.000000000000000000,0.000000000000000000,0.000000000000000000,0.000000000000000000,0.000000000000000000,0.406057174738239736,-3.606969633447623075
4,axis_l3,1,-0.895254709252356258,0.000000000000000000,0.000000000000000000,0.000000000000000000,0.000000000000000000,0.000000000000000000,3.692376607422302949
4,axis_l3,2,0.895254709252356258,0.000000000000000000,0.000000000000000000,0.000000000000000000,0.000000000000000000,0.000000000000000000,3.692376607422302949
4,axis_l3,3,0.000000000000000000,-0.895254709252356258,0.000000000000000000,0.000000000000000000,0.000000000000000000,0.000000000000000000,3.692376607422302949
4,axis_l3,4,0.000000000000000000,0.895254709252356258,0.000000000000000000,0.000000000000000000,0.000000000000000000,0.000000000000000000,3.692376607422302949
4,axis_l3,5,0.000000000000000000,0.000000000000000000,-0.895254709252356258,0.000000000000000000,0.000000000000000000,0.000000000000000000,3.692376607422302949
4,axis_l3,6,0.000000000000000000,0.000000000000000000,0.895254709252356258,0.000000000000000000,0.000000000000000000,0.000000000000000000,3.692376607422302949
4,axis_l3,7,0.000000000000000000,0.000000000000000000,0.000000000000000000,-0.895254709252356258,0.000000000000000000,0.000000000000000000,3.692376607422302949
4,axis_l3,8,0.000000000000000000,0.000000000000000000,0.000000000000000000,0.895254709252356258,0.000000000000000000,0.000000000000000000,3.692376607422302949
4,axis_l3,9,0.000000000000000000,0.000000000000000000,0.000000000000000000,0.000000000000000000,-0.895254709252356258,0.000000000000000000,3.692376607422302949
4,axis_l3,10,0.000000000000000000,0.000000000000000000,0.000000000000000000,0.000000000000000000,0.895254709252356258,0.000000000000000000,3.692376607422302949
4,axis_l3,11,0.000000000000000000,0.000000000000000000,0.000000000000000000,0.000000000000000000,0.000000000000000000,-0.895254709252356258,3.692376607422302949
4,axis_l3,12,0.000000000000000000,0.000000000000000000,0.000000000000000000,0.000000000000000000,0.000000000000000000,0.895254709252356258,3.692376607422302949
5,axis_lp_null,1,-0.250000000000000000,0.000000000000000000,0.000000000000000000,0.000000000000000000,0.000000000000000000,0.000000000000000000,0.000000000000000000
5,axis_lp_null,2,0.250000000000000000,0.000000000000000000,0.000000000000000000,0.000000000000000000,0.000000000000000000,0.000000000000000000,0.000000000000000000
5,axis_lp_null,3,0.000000000000000000,-0.250000000000000000,0.000000000000000000,0.000000000000000000,0.000000000000000000,0.000000000000000000,0.000000000000000000
5,axis_lp_null,4,0.000000000000000000,0.250000000000000000,0.000000000000000000,0.000000000000000000,0.000000000000000000,0.000000000000000000,0.000000000000000000
5,axis_lp_null,5,0.000000000000000000,0.000000000000000000,-0.250000000000000000,0.000000000000000000,0.000000000000000000,0.000000000000000000,0.000000000000000000
5,axis_lp_null,6,0.000000000000000000,0.000000000000000000,0.250000000000000000,0.000000000000000000,0.000000000000000000,0.000000000000000000,0.000000000000000000
5,axis_lp_null,7,0.000000000000000000,0.000000000000000000,0.000000000000000000,-0.250000000000000000,0.000000000000000000,0.000000000000000000,0.000000000000000000
5,axis_lp_null,8,0.000000000000000000,0.000000000000000000,0.000000000000000000,0.250000000000000000,0.000000000000000000,0.000000000000000000,0.000000000000000000
5,axis_lp_null,9,0.000000000000000000,0.000000000000000000,0.000000000000000000,0.000000000000000000,-0.250000000000000000,0.000000000000000000,0.000000000000000000
5,axis_lp_null,10,0.000000000000000000,0.000000000000000000,0.000000000000000000,0.000000000000000000,0.250000000000000000,0.000000000000000000,0.000000000000000000
5,axis_lp_null,11,0.000000000000000000,0.000000000000000000,0.000000000000000000,0.000000000000000000,0.000000000000000000,-0.250000000000000000,0.000000000000000000
5,axis_lp_null,12,0.000000000000000000,0.000000000000000000,0.000000000000000000,0.000000000000000000,0.000000000000000000,0.250000000000000000,0.000000000000000000
6,pair_l1_l1,1,-0.955907315804539012,-0.955907315804539012,0.000000000000000000,0.000000000000000000,0.000000000000000000,0.000000000000000000,-0.365959771741603381
6,pair_l1_l1,2,-0.955907315804539012,0.955907315804539012,0.000000000000000000,0.000000000000000000,0.000000000000000000,0.000000000000000000,-0.365959771741603381
6,pair_l1_l1,3,0.955907315804539012,-0.955907315804539012,0.000000000000000000,0.000000000000000000,0.000000000000000000,0.000000000000000000,-0.365959771741603381
6,pair_l1_l1,4,0.955907315804539012,0.955907315804539012,0.000000000000000000,0.000000000000000000,0.000000000000000000,0.000000000000000000,-0.365959771741603381
6,pair_l1_l1,5,-0.955907315804539012,0.000000000000000000,-0.955907315804539012,0.000000000000000000,0.000000000000000000,0.000000000000000000,-0.365959771741603381
6,pair_l1_l1,6,-0.955907315804539012,0.000000000000000000,0.955907315804539012,0.000000000000000000,0.000000000000000000,0.000000000000000000,-0.365959771741603381
6,pair_l1_l1,7,0.955907315804539012,0.000000000000000000,-0.955907315804539012,0.000000000000000000,0.000000000000000000,0.000000000000000000,-0.365959771741603381
6,pair_l1_l1,8,0.955907315804539012,0.000000000000000000,0.955907315804539012,0.000000000000000000,0.000000000000000000,0.000000000000000000,-0.365959771741603381
6,pair_l1_l1,9,-0.955907315804539012,0.000000000000000000,0.000000000000000000,-0.955907315804539012,0.000000000000000000,0.000000000000000000,-0.365959771741603381
6,pair_l1_l1,10,-0.955907315804539012,0.000000000000000000,0.000000000000000000,0.955907315804539012,0.000000000000000000,0.000000000000000000,-0.365959771741603381
6,pair_l1_l1,11,0.955907315804539012,0.000000000000000000,0.000000000000000000,-0.955907315804539012,0.000000000000000000,0.000000000000000000,-0.365959771741603381
6,pair_l1_l1,12,0.955907315804539012,0.000000000000000000,0.000000000000000000,0.955907315804539012,0.000000000000000000,0.000000000000000000,-0.365959771741603381
6,pair_l1_l1,13,-0.955907315804539012,0.000000000000000000,0.000000000000000000,0.000000000000000000,-0.955907315804539012,0.000000000000000000,-0.365959771741603381
6,pair_l1_l1,14,-0.955907315804539012,0.000000000000000000,0.000000000000000000,0.000000000000000000,0.955907315804539012,0.000000000000000000,-0.365959771741603381
6,pair_l1_l1,15,0.955907315804539012,0.000000000000000000,0.000000000000000000,0.000000000000000000,-0.955907315804539012,0.000000000000000000,-0.365959771741603381
6,pair_l1_l1,16,0.955907315804539012,0.000000000000000000,0.000000000000000000,0.000000000000000000,0.955907315804539012,0.000000000000000000,-0.365959771741603381
6,pair_l1_l1,17,-0.955907315804539012,0.000000000000000000,0.000000000000000000,0.000000000000000000,0.000000000000000000,-0.955907315804539012,-0.365959771741603381
6,pair_l1_l1,18,-0.955907315804539012,0.000000000000000000,0.000000000000000000,0.000000000000000000,0.000000000000000000,0.955907315804539012,-0.365959771741603381
6,pair_l1_l1,19,0.955907315804539012,0.000000000000000000,0.000000000000000000,0.000000000000000000,0.000000000000000000,-0.955907315804539012,-0.365959771741603381
6,pair_l1_l1,20,0.955907315804539012,0.000000000000000000,0.000000000000000000,0.000000000000000000,0.000000000000000000,0.955907315804539012,-0.365959771741603381
6,pair_l1_l1,21,0.000000000000000000,-0.955907315804539012,-0.955907315804539012,0.000000000000000000,0.000000000000000000,0.000000000000000000,-0.365959771741603381
6,pair_l1_l1,22,0.000000000000000000,-0.955907315804539012,0.955907315804539012,0.000000000000000000,0.000000000000000000,0.000000000000000000,-0.365959771741603381
6,pair_l1_l1,23,0.000000000000000000,0.955907315804539012,-0.955907315804539012,0.000000000000000000,0.000000000000000000,0.000000000000000000,-0.365959771741603381
6,pair_l1_l1,24,0.000000000000000000,0.955907315804539012,0.955907315804539012,0.000000000000000000,0.000000000000000000,0.000000000000000000,-0.365959771741603381
6,pair_l1_l1,25,0.000000000000000000,-0.955907315804539012,0.000000000000000000,-0.955907315804539012,0.000000000000000000,0.000000000000000000,-0.365959771741603381
6,pair_l1_l1,26,0.000000000000000000,-0.955907315804539012,0.000000000000000000,0.955907315804539012,0.000000000000000000,0.000000000000000000,-0.365959771741603381
6,pair_l1_l1,27,0.000000000000000000,0.955907315804539012,0.000000000000000000,-0.955907315804539012,0.000000000000000000,0.000000000000000000,-0.365959771741603381
6,pair_l1_l1,28,0.000000000000000000,0.955907315804539012,0.000000000000000000,0.955907315804539012,0.000000000000000000,0.000000000000000000,-0.365959771741603381
6,pair_l1_l1,29,0.000000000000000000,-0.955907315804539012,0.000000000000000000,0.000000000000000000,-0.955907315804539012,0.000000000000000000,-0.365959771741603381
6,pair_l1_l1,30,0.000000000000000000,-0.955907315804539012,0.000000000000000000,0.000000000000000000,0.955907315804539012,0.000000000000000000,-0.365959771741603381
6,pair_l1_l1,31,0.000000000000000000,0.955907315804539012,0.000000000000000000,0.000000000000000000,-0.955907315804539012,0.000000000000000000,-0.365959771741603381
6,pair_l1_l1,32,0.000000000000000000,0.955907315804539012,0.000000000000000000,0.000000000000000000,0.955907315804539012,0.000000000000000000,-0.365959771741603381
6,pair_l1_l1,33,0.000000000000000000,-0.955907315804539012,0.000000000000000000,0.000000000000000000,0.000000000000000000,-0.955907315804539012,-0.365959771741603381
6,pair_l1_l1,34,0.000000000000000000,-0.955907315804539012,0.000000000000000000,0.000000000000000000,0.000000000000000000,0.955907315804539012,-0.365959771741603381
6,pair_l1_l1,35,0.000000000000000000,0.955907315804539012,0.000000000000000000,0.000000000000000000,0.000000000000000000,-0.955907315804539012,-0.365959771741603381
6,pair_l1_l1,36,0.000000000000000000,0.955907315804539012,0.000000000000000000,0.000000000000000000,0.000000000000000000,0.955907315804539012,-0.365959771741603381
6,pair_l1_l1,37,0.000000000000000000,0.000000000000000000,-0.955907315804539012,-0.955907315804539012,0.000000000000000000,0.000000000000000000,-0.365959771741603381
6,pair_l1_l1,38,0.000000000000000000,0.000000000000000000,-0.955907315804539012,0.955907315804539012,0.000000000000000000,0.000000000000000000,-0.365959771741603381
6,pair_l1_l1,39,0.000000000000000000,0.000000000000000000,0.955907315804539012,-0.955907315804539012,0.000000000000000000,0.000000000000000000,-0.365959771741603381
6,pair_l1_l1,40,0.000000000000000000,0.000000000000000000,0.955907315804539012,0.955907315804539012,0.000000000000000000,0.000000000000000000,-0.365959771741603381
6,pair_l1_l1,41,0.000000000000000000,0.000000000000000000,-0.955907315804539012,0.000000000000000000,-0.955907315804539012,0.000000000000000000,-0.365959771741603381
6,pair_l1_l1,42,0.000000000000000000,0.000000000000000000,-0.955907315804539012,0.000000000000000000,0.955907315804539012,0.000000000000000000,-0.365959771741603381
6,pair_l1_l1,43,0.000000000000000000,0.000000000000000000,0.955907315804539012,0.000000000000000000,-0.955907315804539012,0.000000000000000000,-0.365959771741603381
6,pair_l1_l1,44,0.000000000000000000,0.000000000000000000,0.955907315804539012,0.000000000000000000,0.955907315804539012,0.000000000000000000,-0.365959771741603381
6,pair_l1_l1,45,0.000000000000000000,0.000000000000000000,-0.955907315804539012,0.000000000000000000,0.000000000000000000,-0.955907315804539012,-0.365959771741603381
6,pair_l1_l1,46,0.000000000000000000,0.000000000000000000,-0.955907315804539012,0.000000000000000000,0.000000000000000000,0.955907315804539012,-0.365959771741603381
6,pair_l1_l1,47,0.000000000000000000,0.000000000000000000,0.955907315804539012,0.000000000000000000,0.000000000000000000,-0.955907315804539012,-0.365959771741603381
6,pair_l1_l1,48,0.000000000000000000,0.000000000000000000,0.955907315804539012,0.000000000000000000,0.000000000000000000,0.955907315804539012,-0.365959771741603381
6,pair_l1_l1,49,0.000000000000000000,0.000000000000000000,0.000000000000000000,-0.955907315804539012,-0.955907315804539012,0.000000000000000000,-0.365959771741603381
6,pair_l1_l1,50,0.000000000000000000,0.000000000000000000,0.000000000000000000,-0.955907315804539012,0.955907315804539012,0.000000000000000000,-0.365959771741603381
6,pair_l1_l1,51,0.000000000000000000,0.000000000000000000,0.000000000000000000,0.955907315804539012,-0.955907315804539012,0.000000000000000000,-0.365959771741603381
6,pair_l1_l1,52,0.000000000000000000,0.000000000000000000,0.000000000000000000,0.955907315804539012,0.955907315804539012,0.000000000000000000,-0.365959771741603381
6,pair_l1_l1,53,0.000000000000000000,0.000000000000000000,0.000000000000000000,-0.955907315804539012,0.000000000000000000,-0.955907315804539012,-0.365959771741603381
6,pair_l1_l1,54,0.000000000000000000,0.000000000000000000,0.000000000000000000,-0.955907315804539012,0.000000000000000000,0.955907315804539012,-0.365959771741603381
6,pair_l1_l1,55,0.000000000000000000,0.000000000000000000,0.000000000000000000,0.955907315804539012,0.000000000000000000,-0.955907315804539012,-0.365959771741603381
6,pair_l1_l1,56,0.000000000000000000,0.000000000000000000,0.000000000000000000,0.955907315804539012,0.000000000000000000,0.955907315804539012,-0.365959771741603381
6,pair_l1_l1,57,0.000000000000000000,0.000000000000000000,0.000000000000000000,0.000000000000000000,-0.955907315804539012,-0.955907315804539012,-0.365959771741603381
6,pair_l1_l1,58,0.000000000000000000,0.000000000000000000,0.000000000000000000,0.000000000000000000,-0.955907315804539012,0.955907315804539012,-0.365959771741603381
6,pair_l1_l1,59,0.000000000000000000,0.000000000000000000,0.000000000000000000,0.000000000000000000,0.955907315804539012,-0.955907315804539012,-0.365959771741603381
6,pair_l1_l1,60,0.000000000000000000,0.000000000000000000,0.000000000000000000,0.000000000000000000,0.955907315804539012,0.955907315804539012,-0.365959771741603381
7,pair_l1_l2,1,-0.955907315804539012,-0.406057174738239736,0.000000000000000000,0.000000000000000000,0.000000000000000000,0.000000000000000000,1.442761257419450904
7,pair_l1_l2,2,-0.955907315804539012,0.406057174738239736,0.000000000000000000,0.000000000000000000,0.000000000000000000,0.000000000000000000,1.442761257419450904
7,pair_l1_l2,3,0.955907315804539012,-0.406057174738239736,0.000000000000000000,0.000000000000000000,0.000000000000000000,0.000000000000000000,1.442761257419450904
7,pair_l1_l2,4,0.955907315804539012,0.406057174738239736,0.000000000000000000,0.000000000000000000,0.000000000000000000,0.000000000000000000,1.442761257419450904
7,pair_l1_l2,5,-0.955907315804539012,0.000000000000000000,-0.406057174738239736,0.000000000000000000,0.000000000000000000,0.000000000000000000,1.442761257419450904
7,pair_l1_l2,6,-0.955907315804539012,0.000000000000000000,0.406057174738239736,0.000000000000000000,0.000000000000000000,0.000000000000000000,1.442761257419450904
7,pair_l1_l2,7,0.955907315804539012,0.000000000000000000,-0.406057174738239736,0.000000000000000000,0.000000000000000000,0.000000000000000000,1.442761257419450904
7,pair_l1_l2,8,0.955907315804539012,0.000000000000000000,0.406057174738239736,0.000000000000000000,0.000000000000000000,0.000000000000000000,1.442761257419450904
7,pair_l1_l2,9,-0.955907315804539012,0.000000000000000000,0.000000000000000000,-0.406057174738239736,0.000000000000000000,0.000000000000000000,1.442761257419450904
7,pair_l1_l2,10,-0.955907315804539012,0.000000000000000000,0.000000000000000000,0.406057174738239736,0.000000000000000000,0.000000000000000000,1.442761257419450904
7,pair_l1_l2,11,0.955907315804539012,0.000000000000000000,0.000000000000000000,-0.406057174738239736,0.000000000000000000,0.000000000000000000,1.442761257419450904
7,pair_l1_l2,12,0.955907315804539012,0.000000000000000000,0.000000000000000000,0.406057174738239736,0.000000000000000000,0.000000000000000000,1.442761257419450904
7,pair_l1_l2,13,-0.955907315804539012,0.000000000000000000,0.000000000000000000,0.000000000000000000,-0.406057174738239736,0.000000000000000000,1.442761257419450904
7,pair_l1_l2,14,-0.955907315804539012,0.000000000000000000,0.000000000000000000,0.000000000000000000,0.406057174738239736,0.000000000000000000,1.442761257419450904
7,pair_l1_l2,15,0.955907315804539012,0.000000000000000000,0.000000000000000000,0.000000000000000000,-0.406057174738239736,0.000000000000000000,1.442761257419450904
7,pair_l1_l2,16,0.955907315804539012,0.000000000000000000,0.000000000000000000,0.000000000000000000,0.406057174738239736,0.000000000000000000,1.442761257419450904
7,pair_l1_l2,17,-0.955907315804539012,0.000000000000000000,0.000000000000000000,0.000000000000000000,0.000000000000000000,-0.406057174738239736,1.442761257419450904
7,pair_l1_l2,18,-0.955907315804539012,0.000000000000000000,0.000000000000000000,0.000000000000000000,0.000000000000000000,0.406057174738239736,1.442761257419450904
7,pair_l1_l2,19,0.955907315804539012,0.000000000000000000,0.000000000000000000,0.000000000000000000,0.000000000000000000,-0.406057174738239736,1.442761257419450904
7,pair_l1_l2,20,0.955907315804539012,0.000000000000000000,0.000000000000000000,0.000000000000000000,0.000000000000000000,0.406057174738239736,1.442761257419450904
7,pair_l1_l2,21,-0.406057174738239736,-0.955907315804539012,0.000000000000000000,0.000000000000000000,0.000000000000000000,0.000000000000000000,1.442761257419450904
7,pair_l1_l2,22,0.406057174738239736,-0.955907315804539012,0.000000000000000000,0.000000000000000000,0.000000000000000000,0.000000000000000000,1.442761257419450904
7,pair_l1_l2,23,-0.406057174738239736,0.955907315804539012,0.000000000000000000,0.000000000000000000,0.000000000000000000,0.000000000000000000,1.442761257419450904
7,pair_l1_l2,24,0.406057174738239736,0.955907315804539012,0.000000000000000000,0.000000000000000000,0.000000000000000000,0.000000000000000000,1.442761257419450904
7,pair_l1_l2,25,0.000000000000000000,-0.955907315804539012,-0.406057174738239736,0.000000000000000000,0.000000000000000000,0.000000000000000000,1.442761257419450904
7,pair_l1_l2,26,0.000000000000000000,-0.955907315804539012,0.406057174738239736,0.000000000000000000,0.000000000000000000,0.000000000000000000,1.442761257419450904
7,pair_l1_l2,27,0.000000000000000000,0.955907315804539012,-0.406057174738239736,0.000000000000000000,0.000000000000000000,0.000000000000000000,1.442761257419450904
7,pair_l1_l2,28,0.000000000000000000,0.955907315804539012,0.406057174738239736,0.000000000000000000,0.000000000000000000,0.000000000000000000,1.442761257419450904
7,pair_l1_l2,29,0.000000000000000000,-0.955907315804539012,0.000000000000000000,-0.406057174738239736,0.000000000000000000,0.000000000000000000,1.442761257419450904
7,pair_l1_l2,30,0.000000000000000000,-0.955907315804539012,0.000000000000000000,0.406057174738239736,0.000000000000000000,0.000000000000000000,1.442761257419450904
7,pair_l1_l2,31,0.000000000000000000,0.955907315804539012,0.000000000000000000,-0.406057174738239736,0.000000000000000000,0.000000000000000000,1.442761257419450904
7,pair_l1_l2,32,0.000000000000000000,0.955907315804539012,0.000000000000000000,0.406057174738239736,0.000000000000000000,0.000000000000000000,1.442761257419450904
7,pair_l1_l2,33,0.000000000000000000,-0.955907315804539012,0.000000000000000000,0.000000000000000000,-0.406057174738239736,0.000000000000000000,1.442761257419450904
7,pair_l1_l2,34,0.000000000000000000,-0.955907315804539012,0.000000000000000000,0.000000000000000000,0.406057174738239736,0.000000000000000000,1.442761257419450904
7,pair_l1_l2,35,0.000000000000000000,0.955907315804539012,0.000000000000000000,0.000000000000000000,-0.406057174738239736,0.000000000000000000,1.442761257419450904
7,pair_l1_l2,36,0.000000000000000000,0.955907315804539012,0.000000000000000000,0.000000000000000000,0.406057174738239736,0.000000000000000000,1.442761257419450904
7,pair_l1_l2,37,0.000000000000000000,-0.955907315804539012,0.000000000000000000,0.000000000000000000,0.000000000000000000,-0.406057174738239736,1.442761257419450904
7,pair_l1_l2,38,0.000000000000000000,-0.955907315804539012,0.000000000000000000,0.000000000000000000,0.000000000000000000,0.406057174738239736,1.442761257419450904
7,pair_l1_l2,39,0.000000000000000000,0.955907315804539012,0.000000000000000000,0.000000000000000000,0.000000000000000000,-0.406057174738239736,1.442761257419450904
7,pair_l1_l2,40,0.000000000000000000,0.955907315804539012,0.000000000000000000,0.000000000000000000,0.000000000000000000,0.406057174738239736,1.442761257419450904
7,pair_l1_l2,41,-0.406057174738239736,0.000000000000000000,-0.955907315804539012,0.000000000000000000,0.000000000000000000,0.000000000000000000,1.442761257419450904
7,pair_l1_l2,42,0.406057174738239736,0.000000000000000000,-0.955907315804539012,0.000000000000000000,0.000000000000000000,0.000000000000000000,1.442761257419450904
7,pair_l1_l2,43,-0.406057174738239736,0.000000000000000000,0.955907315804539012,0.000000000000000000,0.000000000000000000,0.000000000000000000,1.442761257419450904
7,pair_l1_l2,44,0.406057174738239736,0.000000000000000000,0.955907315804539012,0.000000000000000000,0.000000000000000000,0.000000000000000000,1.442761257419450904
7,pair_l1_l2,45,0.000000000000000000,-0.406057174738239736,-0.955907315804539012,0.000000000000000000,0.000000000000000000,0.000000000000000000,1.442761257419450904
7,pair_l1_l2,46,0.000000000000000000,0.406057174738239736,-0.955907315804539012,0.000000000000000000,0.000000000000000000,0.000000000000000000,1.442761257419450904
7,pair_l1_l2,47,0.000000000000000000,-0.406057174738239736,0.955907315804539012,0.000000000000000000,0.000000000000000000,0.000000000000000000,1.442761257419450904
7,pair_l1_l2,48,0.000000000000000000,0.406057174738239736,0.955907315804539012,0.000000000000000000,0.000000000000000000,0.000000000000000000,1.442761257419450904
7,pair_l1_l2,49,0.000000000000000000,0.000000000000000000,-0.955907315804539012,-0.406057174738239736,0.000000000000000000,0.000000000000000000,1.442761257419450904
7,pair_l1_l2,50,0.000000000000000000,0.000000000000000000,-0.955907315804539012,0.406057174738239736,0.000000000000000000,0.000000000000000000,1.442761257419450904
7,pair_l1_l2,51,0.000000000000000000,0.000000000000000000,0.955907315804539012,-0.406057174738239736,0.000000000000000000,0.000000000000000000,1.442761257419450904
7,pair_l1_l2,52,0.000000000000000000,0.000000000000000000,0.955907315804539012,0.406057174738239736,0.000000000000000000,0.000000000000000000,1.442761257419450904
7,pair_l1_l2,53,0.000000000000000000,0.000000000000000000,-0.955907315804539012,0.000000000000000000,-0.406057174738239736,0.000000000000000000,1.442761257419450904
7,pair_l1_l2,54,0.000000000000000000,0.000000000000000000,-0.955907315804539012,0.000000000000000000,0.406057174738239736,0.000000000000000000,1.442761257419450904
7,pair_l1_l2,55,0.000000000000000000,0.000000000000000000,0.955907315804539012,0.000000000000000000,-0.406057174738239736,0.000000000000000000,1.442761257419450904
7,pair_l1_l2,56,0.000000000000000000,0.000000000000000000,0.955907315804539012,0.000000000000000000,0.406057174738239736,0.000000000000000000,1.442761257419450904
7,pair_l1_l2,57,0.000000000000000000,0.000000000000000000,-0.955907315804539012,0.000000000000000000,0.000000000000000000,-0.406057174738239736,1.442761257419450904
7,pair_l1_l2,58,0.000000000000000000,0.000000000000000000,-0.955907315804539012,0.000000000000000000,0.000000000000000000,0.406057174738239736,1.442761257419450904
7,pair_l1_l2,59,0.000000000000000000,0.000000000000000000,0.955907315804539012,0.000000000000000000,0.000000000000000000,-0.406057174738239736,1.442761257419450904
7,pair_l1_l2,60,0.000000000000000000,0.000000000000000000,0.955907315804539012,0.000000000000000000,0.000000000000000000,0.406057174738239736,1.442761257419450904
7,pair_l1_l2,61,-0.406057174738239736,0.000000000000000000,0.000000000000000000,-0.955907315804539012,0.000000000000000000,0.000000000000000000,1.442761257419450904
7,pair_l1_l2,62,0.406057174738239736,0.000000000000000000,0.000000000000000000,-0.955907315804539012,0.000000000000000000,0.000000000000000000,1.442761257419450904
7,pair_l1_l2,63,-0.406057174738239736,0.000000000000000000,0.000000000000000000,0.955907315804539012,0.000000000000000000,0.000000000000000000,1.442761257419450904
7,pair_l1_l2,64,0.406057174738239736,0.000000000000000000,0.000000000000000000,0.955907315804539012,0.000000000000000000,0.000000000000000000,1.442761257419450904
7,pair_l1_l2,65,0.000000000000000000,-0.406057174738239736,0.000000000000000000,-0.955907315804539012,0.000000000000000000,0.000000000000000000,1.442761257419450904
7,pair_l1_l2,66,0.000000000000000000,0.406057174738239736,0.000000000000000000,-0.955907315804539012,0.000000000000000000,0.000000000000000000,1.442761257419450904
7,pair_l1_l2,67,0.000000000000000000,-0.406057174738239736,0.000000000000000000,0.955907315804539012,0.000000000000000000,0.000000000000000000,1.442761257419450904
7,pair_l1_l2,68,0.000000000000000000,0.406057174738239736,0.000000000000000000,0.955907315804539012,0.000000000000000000,0.000000000000000000,1.442761257419450904
7,pair_l1_l2,69,0.000000000000000000,0.000000000000000000,-0.406057174738239736,-0.955907315804539012,0.000000000000000000,0.000000000000000000,1.442761257419450904
7,pair_l1_l2,70,0.000000000000000000,0.000000000000000000,0.406057174738239736,-0.955907315804539012,0.000000000000000000,0.000000000000000000,1.442761257419450904
7,pair_l1_l2,71,0.000000000000000000,0.000000000000000000,-0.406057174738239736,0.955907315804539012,0.000000000000000000,0.000000000000000000,1.442761257419450904
7,pair_l1_l2,72,0.000000000000000000,0.000000000000000000,0.406057174738239736,0.955907315804539012,0.000000000000000000,0.000000000000000000,1.442761257419450904
7,pair_l1_l2,73,0.000000000000000000,0.000000000000000000,0.000000000000000000,-0.955907315804539012,-0.406057174738239736,0.000000000000000000,1.442761257419450904
7,pair_l1_l2,74,0.000000000000000000,0.000000000000000000,0.000000000000000000,-0.955907315804539012,0.406057174738239736,0.000000000000000000,1.442761257419450904
7,pair_l1_l2,75,0.000000000000000000,0.000000000000000000,0.000000000000000000,0.955907315804539012,-0.406057174738239736,0.000000000000000000,1.442761257419450904
7,pair_l1_l2,76,0.000000000000000000,0.000000000000000000,0.000000000000000000,0.955907315804539012,0.406057174738239736,0.000000000000000000,1.442761257419450904
7,pair_l1_l2,77,0.000000000000000000,0.000000000000000000,0.000000000000000000,-0.955907315804539012,0.000000000000000000,-0.406057174738239736,1.442761257419450904
7,pair_l1_l2,78,0.000000000000000000,0.000000000000000000,0.000000000000000000,-0.955907315804539012,0.000000000000000000,0.406057174738239736,1.442761257419450904
7,pair_l1_l2,79,0.000000000000000000,0.000000000000000000,0.000000000000000000,0.955907315804539012,0.000000000000000000,-0.406057174738239736,1.442761257419450904
7,pair_l1_l2,80,0.000000000000000000,0.000000000000000000,0.000000000000000000,0.955907315804539012,0.000000000000000000,0.406057174738239736,1.442761257419450904
7,pair_l1_l2,81,-0.406057174738239736,0.000000000000000000,0.000000000000000000,0.000000000000000000,-0.955907315804539012,0.000000000000000000,1.442761257419450904
7,pair_l1_l2,82,0.406057174738239736,0.000000000000000000,0.000000000000000000,0.000000000000000000,-0.955907315804539012,0.000000000000000000,1.442761257419450904
7,pair_l1_l2,83,-0.406057174738239736,0.000000000000000000,0.000000000000000000,0.000000000000000000,0.955907315804539012,0.000000000000000000,1.442761257419450904
7,pair_l1_l2,84,0.406057174738239736,0.000000000000000000,0.000000000000000000,0.000000000000000000,0.955907315804539012,0.000000000000000000,1.442761257419450904
7,pair_l1_l2,85,0.000000000000000000,-0.406057174738239736,0.000000000000000000,0.000000000000000000,-0.955907315804539012,0.000000000000000000,1.442761257419450904
7,pair_l1_l2,86,0.000000000000000000,0.406057174738239736,0.000000000000000000,0.000000000000000000,-0.955907315804539012,0.000000000000000000,1.442761257419450904
7,pair_l1_l2,87,0.000000000000000000,-0.406057174738239736,0.000000000000000000,0.000000000000000000,0.955907315804539012,0.000000000000000000,1.442761257419450904
7,pair_l1_l2,88,0.000000000000000000,0.406057174738239736,0.000000000000000000,0.000000000000000000,0.955907315804539012,0.000000000000000000,1.442761257419450904
7,pair_l1_l2,89,0.000000000000000000,0.000000000000000000,-0.406057174738239736,0.000000000000000000,-0.955907315804539012,0.000000000000000000,1.442761257419450904
7,pair_l1_l2,90,0.000000000000000000,0.000000000000000000,0.406057174738239736,0.000000000000000000,-0.955907315804539012,0.000000000000000000,1.442761257419450904
7,pair_l1_l2,91,0.000000000000000000,0.000000000000000000,-0.406057174738239736,0.000000000000000000,0.955907315804539012,0.000000000000000000,1.442761257419450904
7,pair_l1_l2,92,0.000000000000000000,0.000000000000000000,0.406057174738239736,0.000000000000000000,0.955907315804539012,0.000000000000000000,1.442761257419450904
7,pair_l1_l2,93,0.000000000000000000,0.000000000000000000,0.000000000000000000,-0.406057174738239736,-0.955907315804539012,0.000000000000000000,1.442761257419450904
7,pair_l1_l2,94,0.000000000000000000,0.000000000000000000,0.000000000000000000,0.406057174738239736,-0.955907315804539012,0.000000000000000000,1.442761257419450904
7,pair_l1_l2,95,0.000000000000000000,0.000000000000000000,0.000000000000000000,-0.406057174738239736,0.955907315804539012,0.000000000000000000,1.442761257419450904
7,pair_l1_l2,96,0.000000000000000000,0.000000000000000000,0.000000000000000000,0.406057174738239736,0.955907315804539012,0.000000000000000000,1.442761257419450904
7,pair_l1_l2,97,0.000000000000000000,0.000000000000000000,0.000000000000000000,0.000000000000000000,-0.955907315804539012,-0.406057174738239736,1.442761257419450904
7,pair_l1_l2,98,0.000000000000000000,0.000000000000000000,0.000000000000000000,0.000000000000000000,-0.955907315804539012,0.406057174738239736,1.442761257419450904
7,pair_l1_l2,99,0.000000000000000000,0.000000000000000000,0.000000000000000000,0.000000000000000000,0.955907315804539012,-0.406057174738239736,1.442761257419450904
7,pair_l1_l2,100,0.000000000000000000,0.000000000000000000,0.000000000000000000,0.000000000000000000,0.955907315804539012,0.406057174738239736,1.442761257419450904
7,pair_l1_l2,101,-0.406057174738239736,0.000000000000000000,0.000000000000000000,0.000000000000000000,0.000000000000000000,-0.955907315804539012,1.442761257419450904
7,pair_l1_l2,102,0.406057174738239736,0.000000000000000000,0.000000000000000000,0.000000000000000000,0.000000000000000000,-0.955907315804539012,1.442761257419450904
7,pair_l1_l2,103,-0.406057174738239736,0.000000000000000000,0.000000000000000000,0.000000000000000000,0.000000000000000000,0.955907315804539012,1.442761257419450904
7,pair_l1_l2,104,0.406057174738239736,0.000000000000000000,0.000000000000000000,0.000000000000000000,0.000000000000000000,0.955907315804539012,1.442761257419450904
7,pair_l1_l2,105,0.000000000000000000,-0.406057174738239736,0.000000000000000000,0.000000000000000000,0.000000000000000000,-0.955907315804539012,1.442761257419450904
7,pair_l1_l2,106,0.000000000000000000,0.406057174738239736,0.000000000000000000,0.000000000000000000,0.000000000000000000,-0.955907315804539012,1.442761257419450904
7,pair_l1_l2,107,0.000000000000000000,-0.406057174738239736,0.000000000000000000,0.000000000000000000,0.000000000000000000,0.955907315804539012,1.442761257419450904
7,pair_l1_l2,108,0.000000000000000000,0.406057174738239736,0.000000000000000000,0.000000000000000000,0.000000000000000000,0.955907315804539012,1.442761257419450904
7,pair_l1_l2,109,0.000000000000000000,0.000000000000000000,-0.406057174738239736,0.000000000000000000,0.000000000000000000,-0.955907315804539012,1.442761257419450904
7,pair_l1_l2,110,0.000000000000000000,0.000000000000000000,0.406057174738239736,0.000000000000000000,0.000000000000000000,-0.955907315804539012,1.442761257419450904
7,pair_l1_l2,111,0.000000000000000000,0.000000000000000000,-0.406057174738239736,0.000000000000000000,0.000000000000000000,0.955907315804539012,1.442761257419450904
7,pair_l1_l2,112,0.000000000000000000,0.000000000000000000,0.406057174738239736,0.000000000000000000,0.000000000000000000,0.955907315804539012,1.442761257419450904
7,pair_l1_l2,113,0.000000000000000000,0.000000000000000000,0.000000000000000000,-0.406057174738239736,0.000000000000000000,-0.955907315804539012,1.442761257419450904
7,pair_l1_l2,114,0.000000000000000000,0.000000000000000000,0.000000000000000000,0.406057174738239736,0.000000000000000000,-0.955907315804539012,1.442761257419450904
7,pair_l1_l2,115,0.000000000000000000,0.000000000000000000,0.000000000000000000,-0.406057174738239736,0.000000000000000000,0.955907315804539012,1.442761257419450904
7,pair_l1_l2,116,0.000000000000000000,0.000000000000000000,0.000000000000000000,0.406057174738239736,0.000000000000000000,0.955907315804539012,1.442761257419450904
7,pair_l1_l2,117,0.000000000000000000,0.000000000000000000,0.000000000000000000,0.000000000000000000,-0.406057174738239736,-0.955907315804539012,1.442761257419450904
7,pair_l1_l2,118,0.000000000000000000,0.000000000000000000,0.000000000000000000,0.000000000000000000,0.406057174738239736,-0.955907315804539012,1.442761257419450904
7,pair_l1_l2,119,0.000000000000000000,0.000000000000000000,0.000000000000000000,0.000000000000000000,-0.406057174738239736,0.955907315804539012,1.442761257419450904
7,pair_l1_l2,120,0.000000000000000000,0.000000000000000000,0.000000000000000000,0.000000000000000000,0.406057174738239736,0.955907315804539012,1.442761257419450904
8,triple_l1_l1_l1,1,-0.955907315804539012,-0.955907315804539012,-0.955907315804539012,0.000000000000000000,0.000000000000000000,0.000000000000000000,0.113336206453704566
8,triple_l1_l1_l1,2,-0.955907315804539012,-0.955907315804539012,0.955907315804539012,0.000000000000000000,0.000000000000000000,0.000000000000000000,0.113336206453704566
8,triple_l1_l1_l1,3,-0.955907315804539012,0.955907315804539012,-0.955907315804539012,0.000000000000000000,0.000000000000000000,0.000000000000000000,0.113336206453704566
8,triple_l1_l1_l1,4,-0.955907315804539012,0.955907315804539012,0.955907315804539012,0.000000000000000000,0.000000000000000000,0.000000000000000000,0.113336206453704566
8,triple_l1_l1_l1,5,0.955907315804539012,-0.955907315804539012,-0.955907315804539012,0.000000000000000000,0.000000000000000000,0.000000000000000000,0.113336206453704566
8,triple_l1_l1_l1,6,0.955907315804539012,-0.955907315804539012,0.955907315804539012,0.000000000000000000,0.000000000000000000,0.000000000000000000,0.113336206453704566
8,triple_l1_l1_l1,7,0.955907315804539012,0.955907315804539012,-0.955907315804539012,0.000000000000000000,0.000000000000000000,0.000000000000000000,0.113336206453704566
8,triple_l1_l1_l1,8,0.955907315804539012,0.955907315804539012,0.955907315804539012,0.000000000000000000,0.000000000000000000,0.000000000000000000,0.113336206453704566
8,triple_l1_l1_l1,9,-0.955907315804539012,-0.955907315804539012,0.000000000000000000,-0.955907315804539012,0.000000000000000000,0.000000000000000000,0.113336206453704566
8,triple_l1_l1_l1,10,-0.955907315804539012,-0.955907315804539012,0.000000000000000000,0.955907315804539012,0.000000000000000000,0.000000000000000000,0.113336206453704566
8,triple_l1_l1_l1,11,-0.955907315804539012,0.955907315804539012,0.000000000000000000,-0.955907315804539012,0.000000000000000000,0.000000000000000000,0.113336206453704566
8,triple_l1_l1_l1,12,-0.955907315804539012,0.955907315804539012,0.000000000000000000,0.955907315804539012,0.000000000000000000,0.000000000000000000,0.113336206453704566
8,triple_l1_l1_l1,13,0.955907315804539012,-0.955907315804539012,0.000000000000000000,-0.955907315804539012,0.000000000000000000,0.000000000000000000,0.113336206453704566
8,triple_l1_l1_l1,14,0.955907315804539012,-0.955907315804539012,0.000000000000000000,0.955907315804539012,0.000000000000000000,0.000000000000000000,0.113336206453704566
8,triple_l1_l1_l1,15,0.955907315804539012,0.955907315804539012,0.000000000000000000,-0.955907315804539012,0.000000000000000000,0.000000000000000000,0.113336206453704566
8,triple_l1_l1_l1,16,0.955907315804539012,0.955907315804539012,0.000000000000000000,0.955907315804539012,0.000000000000000000,0.000000000000000000,0.113336206453704566
8,triple_l1_l1_l1,17,-0.955907315804539012,-0.955907315804539012,0.000000000000000000,0.000000000000000000,-0.955907315804539012,0.000000000000000000,0.113336206453704566
8,triple_l1_l1_l1,18,-0.955907315804539012,-0.955907315804539012,0.000000000000000000,0.000000000000000000,0.955907315804539012,0.000000000000000000,0.113336206453704566
8,triple_l1_l1_l1,19,-0.955907315804539012,0.955907315804539012,0.000000000000000000,0.000000000000000000,-0.955907315804539012,0.000000000000000000,0.113336206453704566
8,triple_l1_l1_l1,20,-0.955907315804539012,0.955907315804539012,0.000000000000000000,0.000000000000000000,0.955907315804539012,0.000000000000000000,0.113336206453704566
8,triple_l1_l1_l1,21,0.955907315804539012,-0.955907315804539012,0.000000000000000000,0.000000000000000000,-0.955907315804539012,0.000000000000000000,0.113336206453704566
8,triple_l1_l1_l1,22,0.955907315804539012,-0.955907315804539012,0.000000000000000000,0.000000000000000000,0.955907315804539012,0.000000000000000000,0.113336206453704566
8,triple_l1_l1_l1,23,0.955907315804539012,0.955907315804539012,0.000000000000000000,0.000000000000000000,-0.955907315804539012,0.000000000000000000,0.113336206453704566
8,triple_l1_l1_l1,24,0.955907315804539012,0.955907315804539012,0.000000000000000000,0.000000000000000000,0.955907315804539012,0.000000000000000000,0.113336206453704566
8,triple_l1_l1_l1,25,-0.955907315804539012,-0.955907315804539012,0.000000000000000000,0.000000000000000000,0.000000000000000000,-0.955907315804539012,0.113336206453704566
8,triple_l1_l1_l1,26,-0.955907315804539012,-0.955907315804539012,0.000000000000000000,0.000000000000000000,0.000000000000000000,0.955907315804539012,0.113336206453704566
8,triple_l1_l1_l1,27,-0.955907315804539012,0.955907315804539012,0.000000000000000000,0.000000000000000000,0.000000000000000000,-0.955907315804539012,0.113336206453704566
8,triple_l1_l1_l1,28,-0.955907315804539012,0.955907315804539012,0.000000000000000000,0.000000000000000000,0.000000000000000000,0.955907315804539012,0.113336206453704566
8,triple_l1_l1_l1,29,0.955907315804539012,-0.955907315804539012,0.000000000000000000,0.000000000000000000,0.000000000000000000,-0.955907315804539012,0.113336206453704566
8,triple_l1_l1_l1,30,0.955907315804539012,-0.955907315804539012,0.000000000000000000,0.000000000000000000,0.000000000000000000,0.955907315804539012,0.113336206453704566
8,triple_l1_l1_l1,31,0.955907315804539012,0.955907315804539012,0.000000000000000000,0.000000000000000000,0.000000000000000000,-0.955907315804539012,0.113336206453704566
8,triple_l1_l1_l1,32,0.955907315804539012,0.955907315804539012,0.000000000000000000,0.000000000000000000,0.000000000000000000,0.955907315804539012,0.113336206453704566
8,triple_l1_l1_l1,33,-0.955907315804539012,0.000000000000000000,-0.955907315804539012,-0.955907315804539012,0.000000000000000000,0.000000000000000000,0.113336206453704566
8,triple_l1_l1_l1,34,-0.955907315804539012,0.000000000000000000,-0.955907315804539012,0.955907315804539012,0.000000000000000000,0.000000000000000000,0.113336206453704566
8,triple_l1_l1_l1,35,-0.955907315804539012,0.000000000000000000,0.955907315804539012,-0.955907315804539012,0.000000000000000000,0.000000000000000000,0.113336206453704566
8,triple_l1_l1_l1,36,-0.955907315804539012,0.000000000000000000,0.955907315804539012,0.955907315804539012,0.000000000000000000,0.000000000000000000,0.113336206453704566
8,triple_l1_l1_l1,37,0.955907315804539012,0.000000000000000000,-0.955907315804539012,-0.955907315804539012,0.000000000000000000,0.000000000000000000,0.113336206453704566
8,triple_l1_l1_l1,38,0.955907315804539012,0.000000000000000000,-0.955907315804539012,0.955907315804539012,0.000000000000000000,0.000000000000000000,0.113336206453704566
8,triple_l1_l1_l1,39,0.955907315804539012,0.000000000000000000,0.955907315804539012,-0.955907315804539012,0.000000000000000000,0.000000000000000000,0.113336206453704566
8,triple_l1_l1_l1,40,0.955907315804539012,0.000000000000000000,0.955907315804539012,0.955907315804539012,0.000000000000000000,0.000000000000000000,0.113336206453704566
8,triple_l1_l1_l1,41,-0.955907315804539012,0.000000000000000000,-0.955907315804539012,0.000000000000000000,-0.955907315804539012,0.000000000000000000,0.113336206453704566
8,triple_l1_l1_l1,42,-0.955907315804539012,0.000000000000000000,-0.955907315804539012,0.000000000000000000,0.955907315804539012,0.000000000000000000,0.113336206453704566
8,triple_l1_l1_l1,43,-0.955907315804539012,0.000000000000000000,0.955907315804539012,0.000000000000000000,-0.955907315804539012,0.000000000000000000,0.113336206453704566
8,triple_l1_l1_l1,44,-0.955907315804539012,0.000000000000000000,0.955907315804539012,0.000000000000000000,0.955907315804539012,0.000000000000000000,0.113336206453704566
8,triple_l1_l1_l1,45,0.955907315804539012,0.000000000000000000,-0.955907315804539012,0.000000000000000000,-0.955907315804539012,0.000000000000000000,0.113336206453704566
8,triple_l1_l1_l1,46,0.955907315804539012,0.000000000000000000,-0.955907315804539012,0.000000000000000000,0.955907315804539012,0.000000000000000000,0.113336206453704566
8,triple_l1_l1_l1,47,0.955907315804539012,0.000000000000000000,0.955907315804539012,0.000000000000000000,-0.955907315804539012,0.000000000000000000,0.113336206453704566
8,triple_l1_l1_l1,48,0.955907315804539012,0.000000000000000000,0.955907315804539012,0.000000000000000000,0.955907315804539012,0.000000000000000000,0.113336206453704566
8,triple_l1_l1_l1,49,-0.955907315804539012,0.000000000000000000,-0.955907315804539012,0.000000000000000000,0.000000000000000000,-0.955907315804539012,0.113336206453704566
8,triple_l1_l1_l1,50,-0.955907315804539012,0.000000000000000000,-0.955907315804539012,0.000000000000000000,0.000000000000000000,0.955907315804539012,0.113336206453704566
8,triple_l1_l1_l1,51,-0.955907315804539012,0.000000000000000000,0.955907315804539012,0.000000000000000000,0.000000000000000000,-0.955907315804539012,0.113336206453704566
8,triple_l1_l1_l1,52,-0.955907315804539012,0.000000000000000000,0.955907315804539012,0.000000000000000000,0.000000000000000000,0.955907315804539012,0.113336206453704566
8,triple_l1_l1_l1,53,0.955907315804539012,0.000000000000000000,-0.955907315804539012,0.000000000000000000,0.000000000000000000,-0.955907315804539012,0.113336206453704566
8,triple_l1_l1_l1,54,0.955907315804539012,0.000000000000000000,-0.955907315804539012,0.000000000000000000,0.000000000000000000,0.955907315804539012,0.113336206453704566
8,triple_l1_l1_l1,55,0.955907315804539012,0.000000000000000000,0.955907315804539012,0.000000000000000000,0.000000000000000000,-0.955907315804539012,0.113336206453704566
8,triple_l1_l1_l1,56,0.955907315804539012,0.000000000000000000,0.955907315804539012,0.000000000000000000,0.000000000000000000,0.955907315804539012,0.113336206453704566
8,triple_l1_l1_l1,57,-0.955907315804539012,0.000000000000000000,0.000000000000000000,-0.955907315804539012,-0.955907315804539012,0.000000000000000000,0.113336206453704566
8,triple_l1_l1_l1,58,-0.955907315804539012,0.000000000000000000,0.000000000000000000,-0.955907315804539012,0.955907315804539012,0.000000000000000000,0.113336206453704566
8,triple_l1_l1_l1,59,-0.955907315804539012,0.000000000000000000,0.000000000000000000,0.955907315804539012,-0.955907315804539012,0.000000000000000000,0.113336206453704566
8,triple_l1_l1_l1,60,-0.955907315804539012,0.000000000000000000,0.000000000000000000,0.955907315804539012,0.955907315804539012,0.000000000000000000,0.113336206453704566
8,triple_l1_l1_l1,61,0.955907315804539012,0.000000000000000000,0.000000000000000000,-0.955907315804539012,-0.955907315804539012,0.000000000000000000,0.113336206453704566
8,triple_l1_l1_l1,62,0.955907315804539012,0.000000000000000000,0.000000000000000000,-0.955907315804539012,0.955907315804539012,0.000000000000000000,0.113336206453704566
8,triple_l1_l1_l1,63,0.955907315804539012,0.000000000000000000,0.000000000000000000,0.955907315804539012,-0.955907315804539012,0.000000000000000000,0.113336206453704566
8,triple_l1_l1_l1,64,0.955907315804539012,0.000000000000000000,0.000000000000000000,0.955907315804539012,0.955907315804539012,0.000000000000000000,0.113336206453704566
8,triple_l1_l1_l1,65,-0.955907315804539012,0.000000000000000000,0.000000000000000000,-0.955907315804539012,0.000000000000000000,-0.955907315804539012,0.113336206453704566
8,triple_l1_l1_l1,66,-0.955907315804539012,0.000000000000000000,0.000000000000000000,-0.955907315804539012,0.000000000000000000,0.955907315804539012,0.113336206453704566
8,triple_l1_l1_l1,67,-0.955907315804539012,0.000000000000000000,0.000000000000000000,0.955907315804539012,0.000000000000000000,-0.955907315804539012,0.113336206453704566
8,triple_l1_l1_l1,68,-0.955907315804539012,0.000000000000000000,0.000000000000000000,0.955907315804539012,0.000000000000000000,0.955907315804539012,0.113336206453704566
8,triple_l1_l1_l1,69,0.955907315804539012,0.000000000000000000,0.000000000000000000,-0.955907315804539012,0.000000000000000000,-0.955907315804539012,0.113336206453704566
8,triple_l1_l1_l1,70,0.955907315804539012,0.000000000000000000,0.000000000000000000,-0.955907315804539012,0.000000000000000000,0.955907315804539012,0.113336206453704566
8,triple_l1_l1_l1,71,0.955907315804539012,0.000000000000000000,0.000000000000000000,0.955907315804539012,0.000000000000000000,-0.955907315804539012,0.113336206453704566
8,triple_l1_l1_l1,72,0.955907315804539012,0.000000000000000000,0.000000000000000000,0.955907315804539012,0.000000000000000000,0.955907315804539012,0.113336206453704566
8,triple_l1_l1_l1,73,-0.955907315804539012,0.000000000000000000,0.000000000000000000,0.000000000000000000,-0.955907315804539012,-0.955907315804539012,0.113336206453704566
8,triple_l1_l1_l1,74,-0.955907315804539012,0.000000000000000000,0.000000000000000000,0.000000000000000000,-0.955907315804539012,0.955907315804539012,0.113336206453704566
8,triple_l1_l1_l1,75,-0.955907315804539012,0.000000000000000000,0.000000000000000000,0.000000000000000000,0.955907315804539012,-0.955907315804539012,0.113336206453704566
8,triple_l1_l1_l1,76,-0.955907315804539012,0.000000000000000000,0.000000000000000000,0.000000000000000000,0.955907315804539012,0.955907315804539012,0.113336206453704566
8,triple_l1_l1_l1,77,0.955907315804539012,0.000000000000000000,0.000000000000000000,0.000000000000000000,-0.955907315804539012,-0.955907315804539012,0.113336206453704566
8,triple_l1_l1_l1,78,0.955907315804539012,0.000000000000000000,0.000000000000000000,0.000000000000000000,-0.955907315804539012,0.955907315804539012,0.113336206453704566
8,triple_l1_l1_l1,79,0.955907315804539012,0.000000000000000000,0.000000000000000000,0.000000000000000000,0.955907315804539012,-0.955907315804539012,0.113336206453704566
8,triple_l1_l1_l1,80,0.955907315804539012,0.000000000000000000,0.000000000000000000,0.000000000000000000,0.955907315804539012,0.955907315804539012,0.113336206453704566
8,triple_l1_l1_l1,81,0.000000000000000000,-0.955907315804539012,-0.955907315804539012,-0.955907315804539012,0.000000000000000000,0.000000000000000000,0.113336206453704566
8,triple_l1_l1_l1,82,0.000000000000000000,-0.955907315804539012,-0.955907315804539012,0.955907315804539012,0.000000000000000000,0.000000000000000000,0.113336206453704566
8,triple_l1_l1_l1,83,0.000000000000000000,-0.955907315804539012,0.955907315804539012,-0.955907315804539012,0.000000000000000000,0.000000000000000000,0.113336206453704566
8,triple_l1_l1_l1,84,0.000000000000000000,-0.955907315804539012,0.955907315804539012,0.955907315804539012,0.000000000000000000,0.000000000000000000,0.113336206453704566
8,triple_l1_l1_l1,85,0.000000000000000000,0.955907315804539012,-0.955907315804539012,-0.955907315804539012,0.000000000000000000,0.000000000000000000,0.113336206453704566
8,triple_l1_l1_l1,86,0.000000000000000000,0.955907315804539012,-0.955907315804539012,0.955907315804539012,0.000000000000000000,0.000000000000000000,0.113336206453704566
8,triple_l1_l1_l1,87,0.000000000000000000,0.955907315804539012,0.955907315804539012,-0.955907315804539012,0.000000000000000000,0.000000000000000000,0.113336206453704566
8,triple_l1_l1_l1,88,0.000000000000000000,0.955907315804539012,0.955907315804539012,0.955907315804539012,0.000000000000000000,0.000000000000000000,0.113336206453704566
8,triple_l1_l1_l1,89,0.000000000000000000,-0.955907315804539012,-0.955907315804539012,0.000000000000000000,-0.955907315804539012,0.000000000000000000,0.113336206453704566
8,triple_l1_l1_l1,90,0.000000000000000000,-0.955907315804539012,-0.955907315804539012,0.000000000000000000,0.955907315804539012,0.000000000000000000,0.113336206453704566
8,triple_l1_l1_l1,91,0.000000000000000000,-0.955907315804539012,0.955907315804539012,0.000000000000000000,-0.955907315804539012,0.000000000000000000,0.113336206453704566
8,triple_l1_l1_l1,92,0.000000000000000000,-0.955907315804539012,0.955907315804539012,0.000000000000000000,0.955907315804539012,0.000000000000000000,0.113336206453704566
8,triple_l1_l1_l1,93,0.000000000000000000,0.955907315804539012,-0.955907315804539012,0.000000000000000000,-0.955907315804539012,0.000000000000000000,0.113336206453704566
8,triple_l1_l1_l1,94,0.000000000000000000,0.955907315804539012,-0.955907315804539012,0.000000000000000000,0.955907315804539012,0.000000000000000000,0.113336206453704566
8,triple_l1_l1_l1,95,0.000000000000000000,0.955907315804539012,0.955907315804539012,0.000000000000000000,-0.955907315804539012,0.000000000000000000,0.113336206453704566
8,triple_l1_l1_l1,96,0.000000000000000000,0.955907315804539012,0.955907315804539012,0.000000000000000000,0.955907315804539012,0.000000000000000000,0.113336206453704566
8,triple_l1_l1_l1,97,0.000000000000000000,-0.955907315804539012,-0.955907315804539012,0.000000000000000000,0.000000000000000000,-0.955907315804539012,0.113336206453704566
8,triple_l1_l1_l1,98,0.000000000000000000,-0.955907315804539012,-0.955907315804539012,0.000000000000000000,0.000000000000000000,0.955907315804539012,0.113336206453704566
8,triple_l1_l1_l1,99,0.000000000000000000,-0.955907315804539012,0.955907315804539012,0.000000000000000000,0.000000000000000000,-0.955907315804539012,0.113336206453704566
8,triple_l1_l1_l1,100,0.000000000000000000,-0.955907315804539012,0.955907315804539012,0.000000000000000000,0.000000000000000000,0.955907315804539012,0.113336206453704566
8,triple_l1_l1_l1,101,0.000000000000000000,0.955907315804539012,-0.955907315804539012,0.000000000000000000,0.000000000000000000,-0.955907315804539012,0.113336206453704566
8,triple_l1_l1_l1,102,0.000000000000000000,0.955907315804539012,-0.955907315804539012,0.000000000000000000,0.000000000000000000,0.955907315804539012,0.113336206453704566
8,triple_l1_l1_l1,103,0.000000000000000000,0.955907315804539012,0.955907315804539012,0.000000000000000000,0.000000000000000000,-0.955907315804539012,0.113336206453704566
8,triple_l1_l1_l1,104,0.000000000000000000,0.955907315804539012,0.955907315804539012,0.000000000000000000,0.000000000000000000,0.955907315804539012,0.113336206453704566
8,triple_l1_l1_l1,105,0.000000000000000000,-0.955907315804539012,0.000000000000000000,-0.955907315804539012,-0.955907315804539012,0.000000000000000000,0.113336206453704566
8,triple_l1_l1_l1,106,0.000000000000000000,-0.955907315804539012,0.000000000000000000,-0.955907315804539012,0.955907315804539012,0.000000000000000000,0.113336206453704566
8,triple_l1_l1_l1,107,0.000000000000000000,-0.955907315804539012,0.000000000000000000,0.955907315804539012,-0.955907315804539012,0.000000000000000000,0.113336206453704566
8,triple_l1_l1_l1,108,0.000000000000000000,-0.955907315804539012,0.000000000000000000,0.955907315804539012,0.955907315804539012,0.000000000000000000,0.113336206453704566
8,triple_l1_l1_l1,109,0.000000000000000000,0.955907315804539012,0.000000000000000000,-0.955907315804539012,-0.955907315804539012,0.000000000000000000,0.113336206453704566
8,triple_l1_l1_l1,110,0.000000000000000000,0.955907315804539012,0.000000000000000000,-0.955907315804539012,0.955907315804539012,0.000000000000000000,0.113336206453704566
8,triple_l1_l1_l1,111,0.000000000000000000,0.955907315804539012,0.000000000000000000,0.955907315804539012,-0.955907315804539012,0.000000000000000000,0.113336206453704566
8,triple_l1_l1_l1,112,0.000000000000000000,0.955907315804539012,0.000000000000000000,0.955907315804539012,0.955907315804539012,0.000000000000000000,0.113336206453704566
8,triple_l1_l1_l1,113,0.000000000000000000,-0.955907315804539012,0.000000000000000000,-0.955907315804539012,0.000000000000000000,-0.955907315804539012,0.113336206453704566
8,triple_l1_l1_l1,114,0.000000000000000000,-0.955907315804539012,0.000000000000000000,-0.955907315804539012,0.000000000000000000,0.955907315804539012,0.113336206453704566
8,triple_l1_l1_l1,115,0.000000000000000000,-0.955907315804539012,0.000000000000000000,0.955907315804539012,0.000000000000000000,-0.955907315804539012,0.113336206453704566
8,triple_l1_l1_l1,116,0.000000000000000000,-0.955907315804539012,0.000000000000000000,0.955907315804539012,0.000000000000000000,0.955907315804539012,0.113336206453704566
8,triple_l1_l1_l1,117,0.000000000000000000,0.955907315804539012,0.000000000000000000,-0.955907315804539012,0.000000000000000000,-0.955907315804539012,0.113336206453704566
8,triple_l1_l1_l1,118,0.000000000000000000,0.955907315804539012,0.000000000000000000,-0.955907315804539012,0.000000000000000000,0.955907315804539012,0.113336206453704566
8,triple_l1_l1_l1,119,0.000000000000000000,0.955907315804539012,0.000000000000000000,0.955907315804539012,0.000000000000000000,-0.955907315804539012,0.113336206453704566
8,triple_l1_l1_l1,120,0.000000000000000000,0.955907315804539012,0.000000000000000000,0.955907315804539012,0.000000000000000000,0.955907315804539012,0.113336206453704566
8,triple_l1_l1_l1,121,0.000000000000000000,-0.955907315804539012,0.000000000000000000,0.000000000000000000,-0.955907315804539012,-0.955907315804539012,0.113336206453704566
8,triple_l1_l1_l1,122,0.000000000000000000,-0.955907315804539012,0.000000000000000000,0.000000000000000000,-0.955907315804539012,0.955907315804539012,0.113336206453704566
8,triple_l1_l1_l1,123,0.000000000000000000,-0.955907315804539012,0.000000000000000000,0.000000000000000000,0.955907315804539012,-0.955907315804539012,0.113336206453704566
8,triple_l1_l1_l1,124,0.000000000000000000,-0.955907315804539012,0.000000000000000000,0.000000000000000000,0.955907315804539012,0.955907315804539012,0.113336206453704566
8,triple_l1_l1_l1,125,0.000000000000000000,0.955907315804539012,0.000000000000000000,0.000000000000000000,-0.955907315804539012,-0.955907315804539012,0.113336206453704566
8,triple_l1_l1_l1,126,0.000000000000000000,0.955907315804539012,0.000000000000000000,0.000000000000000000,-0.955907315804539012,0.955907315804539012,0.113336206453704566
8,triple_l1_l1_l1,127,0.000000000000000000,0.955907315804539012,0.000000000000000000,0.000000000000000000,0.955907315804539012,-0.955907315804539012,0.113336206453704566
8,triple_l1_l1_l1,128,0.000000000000000000,0.955907315804539012,0.000000000000000000,0.000000000000000000,0.955907315804539012,0.955907315804539012,0.113336206453704566
8,triple_l1_l1_l1,129,0.000000000000000000,0.000000000000000000,-0.955907315804539012,-0.955907315804539012,-0.955907315804539012,0.000000000000000000,0.113336206453704566
8,triple_l1_l1_l1,130,0.000000000000000000,0.000000000000000000,-0.955907315804539012,-0.955907315804539012,0.955907315804539012,0.000000000000000000,0.113336206453704566
8,triple_l1_l1_l1,131,0.000000000000000000,0.000000000000000000,-0.955907315804539012,0.955907315804539012,-0.955907315804539012,0.000000000000000000,0.113336206453704566
8,triple_l1_l1_l1,132,0.000000000000000000,0.000000000000000000,-0.955907315804539012,0.955907315804539012,0.955907315804539012,0.000000000000000000,0.113336206453704566
8,triple_l1_l1_l1,133,0.000000000000000000,0.000000000000000000,0.955907315804539012,-0.955907315804539012,-0.955907315804539012,0.000000000000000000,0.113336206453704566
8,triple_l1_l1_l1,134,0.000000000000000000,0.000000000000000000,0.955907315804539012,-0.955907315804539012,0.955907315804539012,0.000000000000000000,0.113336206453704566
8,triple_l1_l1_l1,135,0.000000000000000000,0.000000000000000000,0.955907315804539012,0.955907315804539012,-0.955907315804539012,0.000000000000000000,0.113336206453704566
8,triple_l1_l1_l1,136,0.000000000000000000,0.000000000000000000,0.955907315804539012,0.955907315804539012,0.955907315804539012,0.000000000000000000,0.113336206453704566
8,triple_l1_l1_l1,137,0.000000000000000000,0.000000000000000000,-0.955907315804539012,-0.955907315804539012,0.000000000000000000,-0.955907315804539012,0.113336206453704566
8,triple_l1_l1_l1,138,0.000000000000000000,0.000000000000000000,-0.955907315804539012,-0.955907315804539012,0.000000000000000000,0.955907315804539012,0.113336206453704566
8,triple_l1_l1_l1,139,0.000000000000000000,0.000000000000000000,-0.955907315804539012,0.955907315804539012,0.000000000000000000,-0.955907315804539012,0.113336206453704566
8,triple_l1_l1_l1,140,0.000000000000000000,0.000000000000000000,-0.955907315804539012,0.955907315804539012,0.000000000000000000,0.955907315804539012,0.113336206453704566
8,triple_l1_l1_l1,141,0.000000000000000000,0.000000000000000000,0.955907315804539012,-0.955907315804539012,0.000000000000000000,-0.955907315804539012,0.113336206453704566
8,triple_l1_l1_l1,142,0.000000000000000000,0.000000000000000000,0.955907315804539012,-0.955907315804539012,0.000000000000000000,0.955907315804539012,0.113336206453704566
8,triple_l1_l1_l1,143,0.000000000000000000,0.000000000000000000,0.955907315804539012,0.955907315804539012,0.000000000000000000,-0.955907315804539012,0.113336206453704566
8,triple_l1_l1_l1,144,0.000000000000000000,0.000000000000000000,0.955907315804539012,0.955907315804539012,0.000000000000000000,0.955907315804539012,0.113336206453704566
8,triple_l1_l1_l1,145,0.000000000000000000,0.000000000000000000,-0.955907315804539012,0.000000000000000000,-0.955907315804539012,-0.955907315804539012,0.113336206453704566
8,triple_l1_l1_l1,146,0.000000000000000000,0.000000000000000000,-0.955907315804539012,0.000000000000000000,-0.955907315804539012,0.955907315804539012,0.113336206453704566
8,triple_l1_l1_l1,147,0.000000000000000000,0.000000000000000000,-0.955907315804539012,0.000000000000000000,0.955907315804539012,-0.955907315804539012,0.113336206453704566
8,triple_l1_l1_l1,148,0.000000000000000000,0.000000000000000000,-0.955907315804539012,0.000000000000000000,0.955907315804539012,0.955907315804539012,0.113336206453704566
8,triple_l1_l1_l1,149,0.000000000000000000,0.000000000000000000,0.955907315804539012,0.000000000000000000,-0.955907315804539012,-0.955907315804539012,0.113336206453704566
8,triple_l1_l1_l1,150,0.000000000000000000,0.000000000000000000,0.955907315804539012,0.000000000000000000,-0.955907315804539012,0.955907315804539012,0.113336206453704566
8,triple_l1_l1_l1,151,0.000000000000000000,0.000000000000000000,0.955907315804539012,0.000000000000000000,0.955907315804539012,-0.955907315804539012,0.113336206453704566
8,triple_l1_l1_l1,152,0.000000000000000000,0.000000000000000000,0.955907315804539012,0.000000000000000000,0.955907315804539012,0.955907315804539012,0.113336206453704566
8,triple_l1_l1_l1,153,0.000000000000000000,0.000000000000000000,0.000000000000000000,-0.955907315804539012,-0.955907315804539012,-0.955907315804539012,0.113336206453704566
8,triple_l1_l1_l1,154,0.000000000000000000,0.000000000000000000,0.000000000000000000,-0.955907315804539012,-0.955907315804539012,0.955907315804539012,0.113336206453704566
8,triple_l1_l1_l1,155,0.000000000000000000,0.000000000000000000,0.000000000000000000,-0.955907315804539012,0.955907315804539012,-0.955907315804539012,0.113336206453704566
8,triple_l1_l1_l1,156,0.000000000000000000,0.000000000000000000,0.000000000000000000,-0.955907315804539012,0.955907315804539012,0.955907315804539012,0.113336206453704566
8,triple_l1_l1_l1,157,0.000000000000000000,0.000000000000000000,0.000000000000000000,0.955907315804539012,-0.955907315804539012,-0.955907315804539012,0.113336206453704566
8,triple_l1_l1_l1,158,0.000000000000000000,0.000000000000000000,0.000000000000000000,0.955907315804539012,-0.955907315804539012,0.955907315804539012,0.113336206453704566
8,triple_l1_l1_l1,159,0.000000000000000000,0.000000000000000000,0.000000000000000000,0.955907315804539012,0.955907315804539012,-0.955907315804539012,0.113336206453704566
8,triple_l1_l1_l1,160,0.000000000000000000,0.000000000000000000,0.000000000000000000,0.955907315804539012,0.955907315804539012,0.955907315804539012,0.113336206453704566
9,full_diag_l0,1,-0.686075797561756291,-0.686075797561756291,-0.686075797561756291,-0.686075797561756291,-0.686075797561756291,-0.686075797561756291,0.251500114953147920
9,full_diag_l0,2,-0.686075797561756291,-0.686075797561756291,-0.686075797561756291,-0.686075797561756291,-0.686075797561756291,0.686075797561756291,0.251500114953147920
9,full_diag_l0,3,-0.686075797561756291,-0.686075797561756291,-0.686075797561756291,-0.686075797561756291,0.686075797561756291,-0.686075797561756291,0.251500114953147920
9,full_diag_l0,4,-0.686075797561756291,-0.686075797561756291,-0.686075797561756291,-0.686075797561756291,0.686075797561756291,0.686075797561756291,0.251500114953147920
9,full_diag_l0,5,-0.686075797561756291,-0.686075797561756291,-0.686075797561756291,0.686075797561756291,-0.686075797561756291,-0.686075797561756291,0.251500114953147920
9,full_diag_l0,6,-0.686075797561756291,-0.686075797561756291,-0.686075797561756291,0.686075797561756291,-0.686075797561756291,0.686075797561756291,0.251500114953147920
9,full_diag_l0,7,-0.686075797561756291,-0.686075797561756291,-0.686075797561756291,0.686075797561756291,0.686075797561756291,-0.686075797561756291,0.251500114953147920
9,full_diag_l0,8,-0.686075797561756291,-0.686075797561756291,-0.686075797561756291,0.686075797561756291,0.686075797561756291,0.686075797561756291,0.251500114953147920
9,full_diag_l0,9,-0.686075797561756291,-0.686075797561756291,0.686075797561756291,-0.686075797561756291,-0.686075797561756291,-0.686075797561756291,0.251500114953147920
9,full_diag_l0,10,-0.686075797561756291,-0.686075797561756291,0.686075797561756291,-0.686075797561756291,-0.686075797561756291,0.686075797561756291,0.251500114953147920
9,full_diag_l0,11,-0.686075797561756291,-0.686075797561756291,0.686075797561756291,-0.686075797561756291,0.686075797561756291,-0.686075797561756291,0.251500114953147920
9,full_diag_l0,12,-0.686075797561756291,-0.686075797561756291,0.686075797561756291,-0.686075797561756291,0.686075797561756291,0.686075797561756291,0.251500114953147920
9,full_diag_l0,13,-0.686075797561756291,-0.686075797561756291,0.686075797561756291,0.686075797561756291,-0.686075797561756291,-0.686075797561756291,0.251500114953147920
9,full_diag_l0,14,-0.686075797561756291,-0.686075797561756291,0.686075797561756291,0.686075797561756291,-0.686075797561756291,0.686075797561756291,0.251500114953147920
9,full_diag_l0,15,-0.686075797561756291,-0.686075797561756291,0.686075797561756291,0.686075797561756291,0.686075797561756291,-0.686075797561756291,0.251500114953147920
9,full_diag_l0,16,-0.686075797561756291,-0.686075797561756291,0.686075797561756291,0.686075797561756291,0.686075797561756291,0.686075797561756291,0.251500114953147920
9,full_diag_l0,17,-0.686075797561756291,0.686075797561756291,-0.686075797561756291,-0.686075797561756291,-0.686075797561756291,-0.686075797561756291,0.251500114953147920
9,full_diag_l0,18,-0.686075797561756291,0.686075797561756291,-0.686075797561756291,-0.686075797561756291,-0.686075797561756291,0.686075797561756291,0.251500114953147920
9,full_diag_l0,19,-0.686075797561756291,0.686075797561756291,-0.686075797561756291,-0.686075797561756291,0.686075797561756291,-0.686075797561756291,0.251500114953147920
9,full_diag_l0,20,-0.686075797561756291,0.686075797561756291,-0.686075797561756291,-0.686075797561756291,0.686075797561756291,0.686075797561756291,0.251500114953147920
9,full_diag_l0,21,-0.686075797561756291,0.686075797561756291,-0.686075797561756291,0.686075797561756291,-0.686075797561756291,-0.686075797561756291,0.251500114953147920
9,full_diag_l0,22,-0.686075797561756291,0.686075797561756291,-0.686075797561756291,0.686075797561756291,-0.686075797561756291,0.686075797561756291,0.251500114953147920
9,full_diag_l0,23,-0.686075797561756291,0.686075797561756291,-0.686075797561756291,0.686075797561756291,0.686075797561756291,-0.686075797561756291,0.251500114953147920
9,full_diag_l0,24,-0.686075797561756291,0.686075797561756291,-0.686075797561756291,0.686075797561756291,0.686075797561756291,0.686075797561756291,0.251500114953147920
9,full_diag_l0,25,-0.686075797561756291,0.686075797561756291,0.686075797561756291,-0.686075797561756291,-0.686075797561756291,-0.686075797561756291,0.251500114953147920
9,full_diag_l0,26,-0.686075797561756291,0.686075797561756291,0.686075797561756291,-0.686075797561756291,-0.686075797561756291,0.686075797561756291,0.251500114953147920
9,full_diag_l0,27,-0.686075797561756291,0.686075797561756291,0.686075797561756291,-0.686075797561756291,0.686075797561756291,-0.686075797561756291,0.251500114953147920
9,full_diag_l0,28,-0.686075797561756291,0.686075797561756291,0.686075797561756291,-0.686075797561756291,0.686075797561756291,0.686075797561756291,0.251500114953147920
9,full_diag_l0,29,-0.686075797561756291,0.686075797561756291,0.686075797561756291,0.686075797561756291,-0.686075797561756291,-0.686075797561756291,0.251500114953147920
9,full_diag_l0,30,-0.686075797561756291,0.686075797561756291,0.686075797561756291,0.686075797561756291,-0.686075797561756291,0.686075797561756291,0.251500114953147920
9,full_diag_l0,31,-0.686075797561756291,0.686075797561756291,0.686075797561756291,0.686075797561756291,0.686075797561756291,-0.686075797561756291,0.251500114953147920
9,full_diag_l0,32,-0.686075797561756291,0.686075797561756291,0.686075797561756291,0.686075797561756291,0.686075797561756291,0.686075797561756291,0.251500114953147920
9,full_diag_l0,33,0.686075797561756291,-0.686075797561756291,-0.686075797561756291,-0.686075797561756291,-0.686075797561756291,-0.686075797561756291,0.251500114953147920
9,full_diag_l0,34,0.686075797561756291,-0.686075797561756291,-0.686075797561756291,-0.686075797561756291,-0.686075797561756291,0.686075797561756291,0.251500114953147920
9,full_diag_l0,35,0.686075797561756291,-0.686075797561756291,-0.686075797561756291,-0.686075797561756291,0.686075797561756291,-0.686075797561756291,0.251500114953147920
9,full_diag_l0,36,0.686075797561756291,-0.686075797561756291,-0.686075797561756291,-0.686075797561756291,0.686075797561756291,0.686075797561756291,0.251500114953147920
9,full_diag_l0,37,0.686075797561756291,-0.686075797561756291,-0.686075797561756291,0.686075797561756291,-0.686075797561756291,-0.686075797561756291,0.251500114953147920
9,full_diag_l0,38,0.686075797561756291,-0.686075797561756291,-0.686075797561756291,0.686075797561756291,-0.686075797561756291,0.686075797561756291,0.251500114953147920
9,full_diag_l0,39,0.686075797561756291,-0.686075797561756291,-0.686075797561756291,0.686075797561756291,0.686075797561756291,-0.686075797561756291,0.251500114953147920
9,full_diag_l0,40,0.686075797561756291,-0.686075797561756291,-0.686075797561756291,0.686075797561756291,0.686075797561756291,0.686075797561756291,0.251500114953147920
9,full_diag_l0,41,0.686075797561756291,-0.686075797561756291,0.686075797561756291,-0.686075797561756291,-0.686075797561756291,-0.686075797561756291,0.251500114953147920
9,full_diag_l0,42,0.686075797561756291,-0.686075797561756291,0.686075797561756291,-0.686075797561756291,-0.686075797561756291,0.686075797561756291,0.251500114953147920
9,full_diag_l0,43,0.686075797561756291,-0.686075797561756291,0.686075797561756291,-0.686075797561756291,0.686075797561756291,-0.686075797561756291,0.251500114953147920
9,full_diag_l0,44,0.686075797561756291,-0.686075797561756291,0.686075797561756291,-0.686075797561756291,0.686075797561756291,0.686075797561756291,0.251500114953147920
9,full_diag_l0,45,0.686075797561756291,-0.686075797561756291,0.686075797561756291,0.686075797561756291,-0.686075797561756291,-0.686075797561756291,0.251500114953147920
9,full_diag_l0,46,0.686075797561756291,-0.686075797561756291,0.686075797561756291,0.686075797561756291,-0.686075797561756291,0.686075797561756291,0.251500114953147920
9,full_diag_l0,47,0.686075797561756291,-0.686075797561756291,0.686075797561756291,0.686075797561756291,0.686075797561756291,-0.686075797561756291,0.251500114953147920
9,full_diag_l0,48,0.686075797561756291,-0.686075797561756291,0.686075797561756291,0.686075797561756291,0.686075797561756291,0.686075797561756291,0.251500114953147920
9,full_diag_l0,49,0.686075797561756291,0.686075797561756291,-0.686075797561756291,-0.686075797561756291,-0.686075797561756291,-0.686075797561756291,0.251500114953147920
9,full_diag_l0,50,0.686075797561756291,0.686075797561756291,-0.686075797561756291,-0.686075797561756291,-0.686075797561756291,0.686075797561756291,0.251500114953147920
9,full_diag_l0,51,0.686075797561756291,0.686075797561756291,-0.686075797561756291,-0.686075797561756291,0.686075797561756291,-0.686075797561756291,0.251500114953147920
9,full_diag_l0,52,0.686075797561756291,0.686075797561756291,-0.686075797561756291,-0.686075797561756291,0.686075797561756291,0.686075797561756291,0.251500114953147920
9,full_diag_l0,53,0.686075797561756291,0.686075797561756291,-0.686075797561756291,0.686075797561756291,-0.686075797561756291,-0.686075797561756291,0.251500114953147920
9,full_diag_l0,54,0.686075797561756291,0.686075797561756291,-0.686075797561756291,0.686075797561756291,-0.686075797561756291,0.686075797561756291,0.251500114953147920
9,full_diag_l0,55,0.686075797561756291,0.686075797561756291,-0.686075797561756291,0.686075797561756291,0.686075797561756291,-0.686075797561756291,0.251500114953147920
9,full_diag_l0,56,0.686075797561756291,0.686075797561756291,-0.686075797561756291,0.686075797561756291,0.686075797561756291,0.686075797561756291,0.251500114953147920
9,full_diag_l0,57,0.686075797561756291,0.686075797561756291,0.686075797561756291,-0.686075797561756291,-0.686075797561756291,-0.686075797561756291,0.251500114953147920
9,full_diag_l0,58,0.686075797561756291,0.686075797561756291,0.686075797561756291,-0.686075797561756291,-0.686075797561756291,0.686075797561756291,0.251500114953147920
9,full_diag_l0,59,0.686075797561756291,0.686075797561756291,0.686075797561756291,-0.686075797561756291,0.686075797561756291,-0.686075797561756291,0.251500114953147920
9,full_diag_l0,60,0.686075797561756291,0.686075797561756291,0.686075797561756291,-0.686075797561756291,0.686075797561756291,0.686075797561756291,0.251500114953147920
9,full_diag_l0,61,0.686075797561756291,0.686075797561756291,0.686075797561756291,0.686075797561756291,-0.686075797561756291,-0.686075797561756291,0.251500114953147920
9,full_diag_l0,62,0.686075797561756291,0.686075797561756291,0.686075797561756291,0.686075797561756291,-0.686075797561756291,0.686075797561756291,0.251500114953147920
9,full_diag_l0,63,0.686075797561756291,0.686075797561756291,0.686075797561756291,0.686075797561756291,0.686075797561756291,-0.686075797561756291,0.251500114953147920
9,full_diag_l0,64,0.686075797561756291,0.686075797561756291,0.686075797561756291,0.686075797561756291,0.686075797561756291,0.686075797561756291,0.251500114953147920
