group,group_label,node_index,x1,x2,x3,x4,x5,x6,x7,weight
1,center,1,0.000000000000000000,0.000000000000000000,0.000000000000000000,0.000000000000000000,0.000000000000000000,0.000000000000000000,0.000000000000000000,125.769364115656818169
2,axis_l2,1,-0.406057174738239546,0.000000000000000000,0.000000000000000000,0.000000000000000000,0.000000000000000000,0.000000000000000000,0.000000000000000000,0.123593980320432341
2,axis_l2,2,0.406057174738239546,0.000000000000000000,0.000000000000000000,0.000000000000000000,0.000000000000000000,0.000000000000000000,0.000000000000000000,0.123593980320432341
2,axis_l2,3,0.000000000000000000,-0.406057174738239546,0.000000000000000000,0.000000000000000000,0.000000000000000000,0.000000000000000000,0.000000000000000000,0.123593980320432341
2,axis_l2,4,0.000000000000000000,0.406057174738239546,0.000000000000000000,0.000000000000000000,0.000000000000000000,0.000000000000000000,0.000000000000000000,0.123593980320432341
2,axis_l2,5,0.000000000000000000,0.000000000000000000,-0.406057174738239546,0.000000000000000000,0.000000000000000000,0.000000000000000000,0.000000000000000000,0.123593980320432341
2,axis_l2,6,0.000000000000000000,0.000000000000000000,0.406057174738239546,0.000000000000000000,0.000000000000000000,0.000000000000000000,0.000000000000000000,0.123593980320432341
2,axis_l2,7,0.000000000000000000,0.000000000000000000,0.000000000000000000,-0.406057174738239546,0.000000000000000000,0.000000000000000000,0.000000000000000000,0.123593980320432341
2,axis_l2,8,0.000000000000000000,0.000000000000000000,0.000000000000000000,0.406057174738239546,0.000000000000000000,0.000000000000000000,0.000000000000000000,0.123593980320432341
2,axis_l2,9,0.000000000000000000,0.000000000000000000,0.000000000000000000,0.000000000000000000,-0.406057174738239546,0.000000000000000000,0.000000000000000000,0.123593980320432341
2,axis_l2,10,0.000000000000000000,0.000000000000000000,0.000000000000000000,0.000000000000000000,0.406057174738239546,0.000000000000000000,0.000000000000000000,0.123593980320432341
2,axis_l2,11,0.000000000000000000,0.000000000000000000,0.000000000000000000,0.000000000000000000,0.000000000000000000,-0.406057174738239546,0.000000000000000000,0.123593980320432341
2,axis_l2,12,0.000000000000000000,0.000000000000000000,0.000000000000000000,0.000000000000000000,0.000000000000000000,0.406057174738239546,0.000000000000000000,0.123593980320432341
2,axis_l2,13,0.000000000000000000,0.000000000000000000,0.000000000000000000,0.000000000000000000,0.000000000000000000,0.000000000000000000,-0.406057174738239546,0.123593980320432341
2,axis_l2,14,0.000000000000000000,0.000000000000000000,0.000000000000000000,0.000000000000000000,0.000000000000000000,0.000000000000000000,0.406057174738239546,0.123593980320432341
3,axis_l1,1,-0.955907315804538915,0.000000000000000000,0.000000000000000000,0.000000000000000000,0.000000000000000000,0.000000000000000000,0.000000000000000000,-0.047883825200546005
3,axis_l1,2,0.955907315804538915,0.000000000000000000,0.000000000000000000,0.000000000000000000,0.000000000000000000,0.000000000000000000,0.000000000000000000,-0.047883825200546005
3,axis_l1,3,0.000000000000000000,-0.955907315804538915,0.000000000000000000,0.000000000000000000,0.000000000000000000,0.000000000000000000,0.000000000000000000,-0.047883825200546005
3,axis_l1,4,0.000000000000000000,0.955907315804538915,0.000000000000000000,0.000000000000000000,0.000000000000000000,0.000000000000000000,0.000000000000000000,-0.047883825200546005
3,axis_l1,5,0.000000000000000000,0.000000000000000000,-0.955907315804538915,0.000000000000000000,0.000000000000000000,0.000000000000000000,0.000000000000000000,-0.047883825200546005
3,axis_l1,6,0.000000000000000000,0.000000000000000000,0.955907315804538915,0.000000000000000000,0.000000000000000000,0.000000000000000000,0.000000000000000000,-0.047883825200546005
3,axis_l1,7,0.000000000000000000,0.000000000000000000,0.000000000000000000,-0.955907315804538915,0.000000000000000000,0.000000000000000000,0.000000000000000000,-0.047883825200546005
3,axis_l1,8,0.000000000000000000,0.000000000000000000,0.000000000000000000,0.955907315804538915,0.000000000000000000,0.000000000000000000,0.000000000000000000,-0.047883825200546005
3,axis_l1,9,0.000000000000000000,0.000000000000000000,0.000000000000000000,0.000000000000000000,-0.955907315804538915,0.000000000000000000,0.000000000000000000,-0.047883825200546005
3,axis_l1,10,0.000000000000000000,0.000000000000000000,0.000000000000000000,0.000000000000000000,0.955907315804538915,0.000000000000000000,0.000000000000000000,-0.047883825200546005
3,axis_l1,11,0.000000000000000000,0.000000000000000000,0.000000000000000000,0.000000000000000000,0.000000000000000000,-0.955907315804538915,0.000000000000000000,-0.047883825200546005
3,axis_l1,12,0.000000000000000000,0.000000000000000000,0.000000000000000000,0.000000000000000000,0.000000000000000000,0.955907315804538915,0.000000000000000000,-0.047883825200546005
3,axis_l1,13,0.000000000000000000,0.000000000000000000,0.000000000000000000,0.000000000000000000,0.000000000000000000,0.000000000000000000,-0.955907315804538915,-0.047883825200546005
3,axis_l1,14,0.000000000000000000,0.000000000000000000,0.000000000000000000,0.000000000000000000,0.000000000000000000,0.000000000000000000,0.955907315804538915,-0.047883825200546005
4,axis_lp_null,1,-0.750000000000000000,0.000000000000000000,0.000000000000000000,0.000000000000000000,0.000000000000000000,0.000000000000000000,0.000000000000000000,0.000000000000000000
4,axis_lp_null,2,0.750000000000000000,0.000000000000000000,0.000000000000000000,0.000000000000000000,0.000000000000000000,0.000000000000000000,0.000000000000000000,0.000000000000000000
4,axis_lp_null,3,0.000000000000000000,-0.750000000000000000,0.000000000000000000,0.000000000000000000,0.000000000000000000,0.000000000000000000,0.000000000000000000,0.000000000000000000
4,axis_lp_null,4,0.000000000000000000,0.750000000000000000,0.000000000000000000,0.000000000000000000,0.000000000000000000,0.000000000000000000,0.000000000000000000,0.000000000000000000
4,axis_lp_null,5,0.000000000000000000,0.000000000000000000,-0.750000000000000000,0.000000000000000000,0.000000000000000000,0.000000000000000000,0.000000000000000000,0.000000000000000000
4,axis_lp_null,6,0.000000000000000000,0.000000000000000000,0.750000000000000000,0.000000000000000000,0.000000000000000000,0.000000000000000000,0.000000000000000000,0.000000000000000000
4,axis_lp_null,7,0.000000000000000000,0.000000000000000000,0.000000000000000000,-0.750000000000000000,0.000000000000000000,0.000000000000000000,0.000000000000000000,0.000000000000000000
4,axis_lp_null,8,0.000000000000000000,0.000000000000000000,0.000000000000000000,0.750000000000000000,0.000000000000000000,0.000000000000000000,0.000000000000000000,0.000000000000000000
4,axis_lp_null,9,0.000000000000000000,0.000000000000000000,0.000000000000000000,0.000000000000000000,-0.750000000000000000,0.000000000000000000,0.000000000000000000,0.000000000000000000
4,axis_lp_null,10,0.000000000000000000,0.000000000000000000,0.000000000000000000,0.000000000000000000,0.750000000000000000,0.000000000000000000,0.000000000000000000,0.000000000000000000
4,axis_lp_null,11,0.000000000000000000,0.000000000000000000,0.000000000000000000,0.000000000000000000,0.000000000000000000,-0.750000000000000000,0.000000000000000000,0.000000000000000000
4,axis_lp_null,12,0.000000000000000000,0.000000000000000000,0.000000000000000000,0.000000000000000000,0.000000000000000000,0.750000000000000000,0.000000000000000000,0.000000000000000000
4,axis_lp_null,13,0.000000000000000000,0.000000000000000000,0.000000000000000000,0.000000000000000000,0.000000000000000000,0.000000000000000000,-0.750000000000000000,0.000000000000000000
4,axis_lp_null,14,0.000000000000000000,0.000000000000000000,0.000000000000000000,0.000000000000000000,0.000000000000000000,0.000000000000000000,0.750000000000000000,0.000000000000000000
5,pair_l1_l1,1,-0.955907315804538915,-0.955907315804538915,0.000000000000000000,0.000000000000000000,0.000000000000000000,0.000000000000000000,0.000000000000000000,0.009708933337374202
5,pair_l1_l1,2,-0.955907315804538915,0.955907315804538915,0.000000000000000000,0.000000000000000000,0.000000000000000000,0.000000000000000000,0.000000000000000000,0.009708933337374202
5,pair_l1_l1,3,0.955907315804538915,-0.955907315804538915,0.000000000000000000,0.000000000000000000,0.000000000000000000,0.000000000000000000,0.000000000000000000,0.009708933337374202
5,pair_l1_l1,4,0.955907315804538915,0.955907315804538915,0.000000000000000000,0.000000000000000000,0.000000000000000000,0.000000000000000000,0.000000000000000000,0.009708933337374202
5,pair_l1_l1,5,-0.955907315804538915,0.000000000000000000,-0.955907315804538915,0.000000000000000000,0.000000000000000000,0.000000000000000000,0.000000000000000000,0.009708933337374202
5,pair_l1_l1,6,-0.955907315804538915,0.000000000000000000,0.955907315804538915,0.000000000000000000,0.000000000000000000,0.000000000000000000,0.000000000000000000,0.009708933337374202
5,pair_l1_l1,7,0.955907315804538915,0.000000000000000000,-0.955907315804538915,0.000000000000000000,0.000000000000000000,0.000000000000000000,0.000000000000000000,0.009708933337374202
5,pair_l1_l1,8,0.955907315804538915,0.000000000000000000,0.955907315804538915,0.000000000000000000,0.000000000000000000,0.000000000000000000,0.000000000000000000,0.009708933337374202
5,pair_l1_l1,9,-0.955907315804538915,0.000000000000000000,0.000000000000000000,-0.955907315804538915,0.000000000000000000,0.000000000000000000,0.000000000000000000,0.009708933337374202
5,pair_l1_l1,10,-0.955907315804538915,0.000000000000000000,0.000000000000000000,0.955907315804538915,0.000000000000000000,0.000000000000000000,0.000000000000000000,0.009708933337374202
5,pair_l1_l1,11,0.955907315804538915,0.000000000000000000,0.000000000000000000,-0.955907315804538915,0.000000000000000000,0.000000000000000000,0.000000000000000000,0.009708933337374202
5,pair_l1_l1,12,0.955907315804538915,0.000000000000000000,0.000000000000000000,0.955907315804538915,0.000000000000000000,0.000000000000000000,0.000000000000000000,0.009708933337374202
5,pair_l1_l1,13,-0.955907315804538915,0.000000000000000000,0.000000000000000000,0.000000000000000000,-0.955907315804538915,0.000000000000000000,0.000000000000000000,0.009708933337374202
5,pair_l1_l1,14,-0.955907315804538915,0.000000000000000000,0.000000000000000000,0.000000000000000000,0.955907315804538915,0.000000000000000000,0.000000000000000000,0.009708933337374202
5,pair_l1_l1,15,0.955907315804538915,0.000000000000000000,0.000000000000000000,0.000000000000000000,-0.955907315804538915,0.000000000000000000,0.000000000000000000,0.009708933337374202
5,pair_l1_l1,16,0.955907315804538915,0.000000000000000000,0.000000000000000000,0.000000000000000000,0.955907315804538915,0.000000000000000000,0.000000000000000000,0.009708933337374202
5,pair_l1_l1,17,-0.955907315804538915,0.000000000000000000,0.000000000000000000,0.000000000000000000,0.000000000000000000,-0.955907315804538915,0.000000000000000000,0.009708933337374202
5,pair_l1_l1,18,-0.955907315804538915,0.000000000000000000,0.000000000000000000,0.000000000000000000,0.000000000000000000,0.955907315804538915,0.000000000000000000,0.009708933337374202
5,pair_l1_l1,19,0.955907315804538915,0.000000000000000000,0.000000000000000000,0.000000000000000000,0.000000000000000000,-0.955907315804538915,0.000000000000000000,0.009708933337374202
5,pair_l1_l1,20,0.955907315804538915,0.000000000000000000,0.000000000000000000,0.000000000000000000,0.000000000000000000,0.955907315804538915,0.000000000000000000,0.009708933337374202
5,pair_l1_l1,21,-0.955907315804538915,0.000000000000000000,0.000000000000000000,0.000000000000000000,0.000000000000000000,0.000000000000000000,-0.955907315804538915,0.009708933337374202
5,pair_l1_l1,22,-0.955907315804538915,0.000000000000000000,0.000000000000000000,0.000000000000000000,0.000000000000000000,0.000000000000000000,0.955907315804538915,0.009708933337374202
5,pair_l1_l1,23,0.955907315804538915,0.000000000000000000,0.000000000000000000,0.000000000000000000,0.000000000000000000,0.000000000000000000,-0.955907315804538915,0.009708933337374202
5,pair_l1_l1,24,0.955907315804538915,0.000000000000000000,0.000000000000000000,0.000000000000000000,0.000000000000000000,0.000000000000000000,0.955907315804538915,0.009708933337374202
5,pair_l1_l1,25,0.000000000000000000,-0.955907315804538915,-0.955907315804538915,0.000000000000000000,0.000000000000000000,0.000000000000000000,0.000000000000000000,0.009708933337374202
5,pair_l1_l1,26,0.000000000000000000,-0.955907315804538915,0.955907315804538915,0.000000000000000000,0.000000000000000000,0.000000000000000000,0.000000000000000000,0.009708933337374202
5,pair_l1_l1,27,0.000000000000000000,0.955907315804538915,-0.955907315804538915,0.000000000000000000,0.000000000000000000,0.000000000000000000,0.000000000000000000,0.009708933337374202
5,pair_l1_l1,28,0.000000000000000000,0.955907315804538915,0.955907315804538915,0.000000000000000000,0.000000000000000000,0.000000000000000000,0.000000000000000000,0.009708933337374202
5,pair_l1_l1,29,0.000000000000000000,-0.955907315804538915,0.000000000000000000,-0.955907315804538915,0.000000000000000000,0.000000000000000000,0.000000000000000000,0.009708933337374202
5,pair_l1_l1,30,0.000000000000000000,-0.955907315804538915,0.000000000000000000,0.955907315804538915,0.000000000000000000,0.000000000000000000,0.000000000000000000,0.009708933337374202
5,pair_l1_l1,31,0.000000000000000000,0.955907315804538915,0.000000000000000000,-0.955907315804538915,0.000000000000000000,0.000000000000000000,0.000000000000000000,0.009708933337374202
5,pair_l1_l1,32,0.000000000000000000,0.955907315804538915,0.000000000000000000,0.955907315804538915,0.000000000000000000,0.000000000000000000,0.000000000000000000,0.009708933337374202
5,pair_l1_l1,33,0.000000000000000000,-0.955907315804538915,0.000000000000000000,0.000000000000000000,-0.955907315804538915,0.000000000000000000,0.000000000000000000,0.009708933337374202
5,pair_l1_l1,34,0.000000000000000000,-0.955907315804538915,0.000000000000000000,0.000000000000000000,0.955907315804538915,0.000000000000000000,0.000000000000000000,0.009708933337374202
5,pair_l1_l1,35,0.000000000000000000,0.955907315804538915,0.000000000000000000,0.000000000000000000,-0.955907315804538915,0.000000000000000000,0.000000000000000000,0.009708933337374202
5,pair_l1_l1,36,0.000000000000000000,0.955907315804538915,0.000000000000000000,0.000000000000000000,0.955907315804538915,0.000000000000000000,0.000000000000000000,0.009708933337374202
5,pair_l1_l1,37,0.000000000000000000,-0.955907315804538915,0.000000000000000000,0.000000000000000000,0.000000000000000000,-0.955907315804538915,0.000000000000000000,0.009708933337374202
5,pair_l1_l1,38,0.000000000000000000,-0.955907315804538915,0.000000000000000000,0.000000000000000000,0.000000000000000000,0.955907315804538915,0.000000000000000000,0.009708933337374202
5,pair_l1_l1,39,0.000000000000000000,0.955907315804538915,0.000000000000000000,0.000000000000000000,0.000000000000000000,-0.955907315804538915,0.000000000000000000,0.009708933337374202
5,pair_l1_l1,40,0.000000000000000000,0.955907315804538915,0.000000000000000000,0.000000000000000000,0.000000000000000000,0.955907315804538915,0.000000000000000000,0.009708933337374202
5,pair_l1_l1,41,0.000000000000000000,-0.955907315804538915,0.000000000000000000,0.000000000000000000,0.000000000000000000,0.000000000000000000,-0.955907315804538915,0.009708933337374202
5,pair_l1_l1,42,0.000000000000000000,-0.955907315804538915,0.000000000000000000,0.000000000000000000,0.000000000000000000,0.000000000000000000,0.955907315804538915,0.009708933337374202
5,pair_l1_l1,43,0.000000000000000000,0.955907315804538915,0.000000000000000000,0.000000000000000000,0.000000000000000000,0.000000000000000000,-0.955907315804538915,0.009708933337374202
5,pair_l1_l1,44,0.000000000000000000,0.955907315804538915,0.000000000000000000,0.000000000000000000,0.000000000000000000,0.000000000000000000,0.955907315804538915,0.009708933337374202
5,pair_l1_l1,45,0.000000000000000000,0.000000000000000000,-0.955907315804538915,-0.955907315804538915,0.000000000000000000,0.000000000000000000,0.000000000000000000,0.009708933337374202
5,pair_l1_l1,46,0.000000000000000000,0.000000000000000000,-0.955907315804538915,0.955907315804538915,0.000000000000000000,0.000000000000000000,0.000000000000000000,0.009708933337374202
5,pair_l1_l1,47,0.000000000000000000,0.000000000000000000,0.955907315804538915,-0.955907315804538915,0.000000000000000000,0.000000000000000000,0.000000000000000000,0.009708933337374202
5,pair_l1_l1,48,0.000000000000000000,0.000000000000000000,0.955907315804538915,0.955907315804538915,0.000000000000000000,0.000000000000000000,0.000000000000000000,0.009708933337374202
5,pair_l1_l1,49,0.000000000000000000,0.000000000000000000,-0.955907315804538915,0.000000000000000000,-0.955907315804538915,0.000000000000000000,0.000000000000000000,0.009708933337374202
5,pair_l1_l1,50,0.000000000000000000,0.000000000000000000,-0.955907315804538915,0.000000000000000000,0.955907315804538915,0.000000000000000000,0.000000000000000000,0.009708933337374202
5,pair_l1_l1,51,0.000000000000000000,0.000000000000000000,0.955907315804538915,0.000000000000000000,-0.955907315804538915,0.000000000000000000,0.000000000000000000,0.009708933337374202
5,pair_l1_l1,52,0.000000000000000000,0.000000000000000000,0.955907315804538915,0.000000000000000000,0.955907315804538915,0.000000000000000000,0.000000000000000000,0.009708933337374202
5,pair_l1_l1,53,0.000000000000000000,0.000000000000000000,-0.955907315804538915,0.000000000000000000,0.000000000000000000,-0.955907315804538915,0.000000000000000000,0.009708933337374202
5,pair_l1_l1,54,0.000000000000000000,0.000000000000000000,-0.955907315804538915,0.000000000000000000,0.000000000000000000,0.955907315804538915,0.000000000000000000,0.009708933337374202
5,pair_l1_l1,55,0.000000000000000000,0.000000000000000000,0.955907315804538915,0.000000000000000000,0.000000000000000000,-0.955907315804538915,0.000000000000000000,0.009708933337374202
5,pair_l1_l1,56,0.000000000000000000,0.000000000000000000,0.955907315804538915,0.000000000000000000,0.000000000000000000,0.955907315804538915,0.000000000000000000,0.009708933337374202
5,pair_l1_l1,57,0.000000000000000000,0.000000000000000000,-0.955907315804538915,0.000000000000000000,0.000000000000000000,0.000000000000000000,-0.955907315804538915,0.009708933337374202
5,pair_l1_l1,58,0.000000000000000000,0.000000000000000000,-0.955907315804538915,0.000000000000000000,0.000000000000000000,0.000000000000000000,0.955907315804538915,0.009708933337374202
5,pair_l1_l1,59,0.000000000000000000,0.000000000000000000,0.955907315804538915,0.000000000000000000,0.000000000000000000,0.000000000000000000,-0.955907315804538915,0.009708933337374202
5,pair_l1_l1,60,0.000000000000000000,0.000000000000000000,0.955907315804538915,0.000000000000000000,0.000000000000000000,0.000000000000000000,0.955907315804538915,0.009708933337374202
5,pair_l1_l1,61,0.000000000000000000,0.000000000000000000,0.000000000000000000,-0.955907315804538915,-0.955907315804538915,0.000000000000000000,0.000000000000000000,0.009708933337374202
5,pair_l1_l1,62,0.000000000000000000,0.000000000000000000,0.000000000000000000,-0.955907315804538915,0.955907315804538915,0.000000000000000000,0.000000000000000000,0.009708933337374202
5,pair_l1_l1,63,0.000000000000000000,0.000000000000000000,0.000000000000000000,0.955907315804538915,-0.955907315804538915,0.000000000000000000,0.000000000000000000,0.009708933337374202
5,pair_l1_l1,64,0.000000000000000000,0.000000000000000000,0.000000000000000000,0.955907315804538915,0.955907315804538915,0.000000000000000000,0.000000000000000000,0.009708933337374202
5,pair_l1_l1,65,0.000000000000000000,0.000000000000000000,0.000000000000000000,-0.955907315804538915,0.000000000000000000,-0.955907315804538915,0.000000000000000000,0.009708933337374202
5,pair_l1_l1,66,0.000000000000000000,0.000000000000000000,0.000000000000000000,-0.955907315804538915,0.000000000000000000,0.955907315804538915,0.000000000000000000,0.009708933337374202
5,pair_l1_l1,67,0.000000000000000000,0.000000000000000000,0.000000000000000000,0.955907315804538915,0.000000000000000000,-0.955907315804538915,0.000000000000000000,0.009708933337374202
5,pair_l1_l1,68,0.000000000000000000,0.000000000000000000,0.000000000000000000,0.955907315804538915,0.000000000000000000,0.955907315804538915,0.000000000000000000,0.009708933337374202
5,pair_l1_l1,69,0.000000000000000000,0.000000000000000000,0.000000000000000000,-0.955907315804538915,0.000000000000000000,0.000000000000000000,-0.955907315804538915,0.009708933337374202
5,pair_l1_l1,70,0.000000000000000000,0.000000000000000000,0.000000000000000000,-0.955907315804538915,0.000000000000000000,0.000000000000000000,0.955907315804538915,0.009708933337374202
5,pair_l1_l1,71,0.000000000000000000,0.000000000000000000,0.000000000000000000,0.955907315804538915,0.000000000000000000,0.000000000000000000,-0.955907315804538915,0.009708933337374202
5,pair_l1_l1,72,0.000000000000000000,0.000000000000000000,0.000000000000000000,0.955907315804538915,0.000000000000000000,0.000000000000000000,0.955907315804538915,0.009708933337374202
5,pair_l1_l1,73,0.000000000000000000,0.000000000000000000,0.000000000000000000,0.000000000000000000,-0.955907315804538915,-0.955907315804538915,0.000000000000000000,0.009708933337374202
5,pair_l1_l1,74,0.000000000000000000,0.000000000000000000,0.000000000000000000,0.000000000000000000,-0.955907315804538915,0.955907315804538915,0.000000000000000000,0.009708933337374202
5,pair_l1_l1,75,0.000000000000000000,0.000000000000000000,0.000000000000000000,0.000000000000000000,0.955907315804538915,-0.955907315804538915,0.000000000000000000,0.009708933337374202
5,pair_l1_l1,76,0.000000000000000000,0.000000000000000000,0.000000000000000000,0.000000000000000000,0.955907315804538915,0.955907315804538915,0.000000000000000000,0.009708933337374202
5,pair_l1_l1,77,0.000000000000000000,0.000000000000000000,0.000000000000000000,0.000000000000000000,-0.955907315804538915,0.000000000000000000,-0.955907315804538915,0.009708933337374202
5,pair_l1_l1,78,0.000000000000000000,0.000000000000000000,0.000000000000000000,0.000000000000000000,-0.955907315804538915,0.000000000000000000,0.955907315804538915,0.009708933337374202
5,pair_l1_l1,79,0.000000000000000000,0.000000000000000000,0.000000000000000000,0.000000000000000000,0.955907315804538915,0.000000000000000000,-0.955907315804538915,0.009708933337374202
5,pair_l1_l1,80,0.000000000000000000,0.000000000000000000,0.000000000000000000,0.000000000000000000,0.955907315804538915,0.000000000000000000,0.955907315804538915,0.009708933337374202
5,pair_l1_l1,81,0.000000000000000000,0.000000000000000000,0.000000000000000000,0.000000000000000000,0.000000000000000000,-0.955907315804538915,-0.955907315804538915,0.009708933337374202
5,pair_l1_l1,82,0.000000000000000000,0.000000000000000000,0.000000000000000000,0.000000000000000000,0.000000000000000000,-0.955907315804538915,0.955907315804538915,0.009708933337374202
5,pair_l1_l1,83,0.000000000000000000,0.000000000000000000,0.000000000000000000,0.000000000000000000,0.000000000000000000,0.955907315804538915,-0.955907315804538915,0.009708933337374202
5,pair_l1_l1,84,0.000000000000000000,0.000000000000000000,0.000000000000000000,0.000000000000000000,0.000000000000000000,0.955907315804538915,0.955907315804538915,0.009708933337374202
6,full_diag_l0,1,-0.686075797561756295,-0.686075797561756295,-0.686075797561756295,-0.686075797561756295,-0.686075797561756295,-0.686075797561756295,-0.686075797561756295,0.002774557127541720
6,full_diag_l0,2,-0.686075797561756295,-0.686075797561756295,-0.686075797561756295,-0.686075797561756295,-0.686075797561756295,-0.686075797561756295,0.686075797561756295,0.002774557127541720
6,full_diag_l0,3,-0.686075797561756295,-0.686075797561756295,-0.686075797561756295,-0.686075797561756295,-0.686075797561756295,0.686075797561756295,-0.686075797561756295,0.002774557127541720
6,full_diag_l0,4,-0.686075797561756295,-0.686075797561756295,-0.686075797561756295,-0.686075797561756295,-0.686075797561756295,0.686075797561756295,0.686075797561756295,0.002774557127541720
6,full_diag_l0,5,-0.686075797561756295,-0.686075797561756295,-0.686075797561756295,-0.686075797561756295,0.686075797561756295,-0.686075797561756295,-0.686075797561756295,0.002774557127541720
6,full_diag_l0,6,-0.686075797561756295,-0.686075797561756295,-0.686075797561756295,-0.686075797561756295,0.686075797561756295,-0.686075797561756295,0.686075797561756295,0.002774557127541720
6,full_diag_l0,7,-0.686075797561756295,-0.686075797561756295,-0.686075797561756295,-0.686075797561756295,0.686075797561756295,0.686075797561756295,-0.686075797561756295,0.002774557127541720
6,full_diag_l0,8,-0.686075797561756295,-0.686075797561756295,-0.686075797561756295,-0.686075797561756295,0.686075797561756295,0.686075797561756295,0.686075797561756295,0.002774557127541720
6,full_diag_l0,9,-0.686075797561756295,-0.686075797561756295,-0.686075797561756295,0.686075797561756295,-0.686075797561756295,-0.686075797561756295,-0.686075797561756295,0.002774557127541720
6,full_diag_l0,10,-0.686075797561756295,-0.686075797561756295,-0.686075797561756295,0.686075797561756295,-0.686075797561756295,-0.686075797561756295,0.686075797561756295,0.002774557127541720
6,full_diag_l0,11,-0.686075797561756295,-0.686075797561756295,-0.686075797561756295,0.686075797561756295,-0.686075797561756295,0.686075797561756295,-0.686075797561756295,0.002774557127541720
6,full_diag_l0,12,-0.686075797561756295,-0.686075797561756295,-0.686075797561756295,0.686075797561756295,-0.686075797561756295,0.686075797561756295,0.686075797561756295,0.002774557127541720
6,full_diag_l0,13,-0.686075797561756295,-0.686075797561756295,-0.686075797561756295,0.686075797561756295,0.686075797561756295,-0.686075797561756295,-0.686075797561756295,0.002774557127541720
6,full_diag_l0,14,-0.686075797561756295,-0.686075797561756295,-0.686075797561756295,0.686075797561756295,0.686075797561756295,-0.686075797561756295,0.686075797561756295,0.002774557127541720
6,full_diag_l0,15,-0.686075797561756295,-0.686075797561756295,-0.686075797561756295,0.686075797561756295,0.686075797561756295,0.686075797561756295,-0.686075797561756295,0.002774557127541720
6,full_diag_l0,16,-0.686075797561756295,-0.686075797561756295,-0.686075797561756295,0.686075797561756295,0.686075797561756295,0.686075797561756295,0.686075797561756295,0.002774557127541720
6,full_diag_l0,17,-0.686075797561756295,-0.686075797561756295,0.686075797561756295,-0.686075797561756295,-0.686075797561756295,-0.686075797561756295,-0.686075797561756295,0.002774557127541720
6,full_diag_l0,18,-0.686075797561756295,-0.686075797561756295,0.686075797561756295,-0.686075797561756295,-0.686075797561756295,-0.686075797561756295,0.686075797561756295,0.002774557127541720
6,full_diag_l0,19,-0.686075797561756295,-0.686075797561756295,0.686075797561756295,-0.686075797561756295,-0.686075797561756295,0.686075797561756295,-0.686075797561756295,0.002774557127541720
6,full_diag_l0,20,-0.686075797561756295,-0.686075797561756295,0.686075797561756295,-0.686075797561756295,-0.686075797561756295,0.686075797561756295,0.686075797561756295,0.002774557127541720
6,full_diag_l0,21,-0.686075797561756295,-0.686075797561756295,0.686075797561756295,-0.686075797561756295,0.686075797561756295,-0.686075797561756295,-0.686075797561756295,0.002774557127541720
6,full_diag_l0,22,-0.686075797561756295,-0.686075797561756295,0.686075797561756295,-0.686075797561756295,0.686075797561756295,-0.686075797561756295,0.686075797561756295,0.002774557127541720
6,full_diag_l0,23,-0.686075797561756295,-0.686075797561756295,0.686075797561756295,-0.686075797561756295,0.686075797561756295,0.686075797561756295,-0.686075797561756295,0.002774557127541720
6,full_diag_l0,24,-0.686075797561756295,-0.686075797561756295,0.686075797561756295,-0.686075797561756295,0.686075797561756295,0.686075797561756295,0.686075797561756295,0.002774557127541720
6,full_diag_l0,25,-0.686075797561756295,-0.686075797561756295,0.686075797561756295,0.686075797561756295,-0.686075797561756295,-0.686075797561756295,-0.686075797561756295,0.002774557127541720
6,full_diag_l0,26,-0.686075797561756295,-0.686075797561756295,0.686075797561756295,0.686075797561756295,-0.686075797561756295,-0.686075797561756295,0.686075797561756295,0.002774557127541720
6,full_diag_l0,27,-0.686075797561756295,-0.686075797561756295,0.686075797561756295,0.686075797561756295,-0.686075797561756295,0.686075797561756295,-0.686075797561756295,0.002774557127541720
6,full_diag_l0,28,-0.686075797561756295,-0.686075797561756295,0.686075797561756295,0.686075797561756295,-0.686075797561756295,0.686075797561756295,0.686075797561756295,0.002774557127541720
6,full_diag_l0,29,-0.686075797561756295,-0.686075797561756295,0.686075797561756295,0.686075797561756295,0.686075797561756295,-0.686075797561756295,-0.686075797561756295,0.002774557127541720
6,full_diag_l0,30,-0.686075797561756295,-0.686075797561756295,0.686075797561756295,0.686075797561756295,0.686075797561756295,-0.686075797561756295,0.686075797561756295,0.002774557127541720
6,full_diag_l0,31,-0.686075797561756295,-0.686075797561756295,0.686075797561756295,0.686075797561756295,0.686075797561756295,0.686075797561756295,-0.686075797561756295,0.002774557127541720
6,full_diag_l0,32,-0.686075797561756295,-0.686075797561756295,0.686075797561756295,0.686075797561756295,0.686075797561756295,0.686075797561756295,0.686075797561756295,0.002774557127541720
6,full_diag_l0,33,-0.686075797561756295,0.686075797561756295,-0.686075797561756295,-0.686075797561756295,-0.686075797561756295,-0.686075797561756295,-0.686075797561756295,0.002774557127541720
6,full_diag_l0,34,-0.686075797561756295,0.686075797561756295,-0.686075797561756295,-0.686075797561756295,-0.686075797561756295,-0.686075797561756295,0.686075797561756295,0.002774557127541720
6,full_diag_l0,35,-0.686075797561756295,0.686075797561756295,-0.686075797561756295,-0.686075797561756295,-0.686075797561756295,0.686075797561756295,-0.686075797561756295,0.002774557127541720
6,full_diag_l0,36,-0.686075797561756295,0.686075797561756295,-0.686075797561756295,-0.686075797561756295,-0.686075797561756295,0.686075797561756295,0.686075797561756295,0.002774557127541720
6,full_diag_l0,37,-0.686075797561756295,0.686075797561756295,-0.686075797561756295,-0.686075797561756295,0.686075797561756295,-0.686075797561756295,-0.686075797561756295,0.002774557127541720
6,full_diag_l0,38,-0.686075797561756295,0.686075797561756295,-0.686075797561756295,-0.686075797561756295,0.686075797561756295,-0.686075797561756295,0.686075797561756295,0.002774557127541720
6,full_diag_l0,39,-0.686075797561756295,0.686075797561756295,-0.686075797561756295,-0.686075797561756295,0.686075797561756295,0.686075797561756295,-0.686075797561756295,0.002774557127541720
6,full_diag_l0,40,-0.686075797561756295,0.686075797561756295,-0.686075797561756295,-0.686075797561756295,0.686075797561756295,0.686075797561756295,0.686075797561756295,0.002774557127541720
6,full_diag_l0,41,-0.686075797561756295,0.686075797561756295,-0.686075797561756295,0.686075797561756295,-0.686075797561756295,-0.686075797561756295,-0.686075797561756295,0.002774557127541720
6,full_diag_l0,42,-0.686075797561756295,0.686075797561756295,-0.686075797561756295,0.686075797561756295,-0.686075797561756295,-0.686075797561756295,0.686075797561756295,0.002774557127541720
6,full_diag_l0,43,-0.686075797561756295,0.686075797561756295,-0.686075797561756295,0.686075797561756295,-0.686075797561756295,0.686075797561756295,-0.686075797561756295,0.002774557127541720
6,full_diag_l0,44,-0.686075797561756295,0.686075797561756295,-0.686075797561756295,0.686075797561756295,-0.686075797561756295,0.686075797561756295,0.686075797561756295,0.002774557127541720
6,full_diag_l0,45,-0.686075797561756295,0.686075797561756295,-0.686075797561756295,0.686075797561756295,0.686075797561756295,-0.686075797561756295,-0.686075797561756295,0.002774557127541720
6,full_diag_l0,46,-0.686075797561756295,0.686075797561756295,-0.686075797561756295,0.686075797561756295,0.686075797561756295,-0.686075797561756295,0.686075797561756295,0.002774557127541720
6,full_diag_l0,47,-0.686075797561756295,0.686075797561756295,-0.686075797561756295,0.686075797561756295,0.686075797561756295,0.686075797561756295,-0.686075797561756295,0.002774557127541720
6,full_diag_l0,48,-0.686075797561756295,0.686075797561756295,-0.686075797561756295,0.686075797561756295,0.686075797561756295,0.686075797561756295,0.686075797561756295,0.002774557127541720
6,full_diag_l0,49,-0.686075797561756295,0.686075797561756295,0.686075797561756295,-0.686075797561756295,-0.686075797561756295,-0.686075797561756295,-0.686075797561756295,0.002774557127541720
6,full_diag_l0,50,-0.686075797561756295,0.686075797561756295,0.686075797561756295,-0.686075797561756295,-0.686075797561756295,-0.686075797561756295,0.686075797561756295,0.002774557127541720
6,full_diag_l0,51,-0.686075797561756295,0.686075797561756295,0.686075797561756295,-0.686075797561756295,-0.686075797561756295,0.686075797561756295,-0.686075797561756295,0.002774557127541720
6,full_diag_l0,52,-0.686075797561756295,0.686075797561756295,0.686075797561756295,-0.686075797561756295,-0.686075797561756295,0.686075797561756295,0.686075797561756295,0.002774557127541720
6,full_diag_l0,53,-0.686075797561756295,0.686075797561756295,0.686075797561756295,-0.686075797561756295,0.686075797561756295,-0.686075797561756295,-0.686075797561756295,0.002774557127541720
6,full_diag_l0,54,-0.686075797561756295,0.686075797561756295,0.686075797561756295,-0.686075797561756295,0.686075797561756295,-0.686075797561756295,0.686075797561756295,0.002774557127541720
6,full_diag_l0,55,-0.686075797561756295,0.686075797561756295,0.686075797561756295,-0.686075797561756295,0.686075797561756295,0.686075797561756295,-0.686075797561756295,0.002774557127541720
6,full_diag_l0,56,-0.686075797561756295,0.686075797561756295,0.686075797561756295,-0.686075797561756295,0.686075797561756295,0.686075797561756295,0.686075797561756295,0.002774557127541720
6,full_diag_l0,57,-0.686075797561756295,0.686075797561756295,0.686075797561756295,0.686075797561756295,-0.686075797561756295,-0.686075797561756295,-0.686075797561756295,0.002774557127541720
6,full_diag_l0,58,-0.686075797561756295,0.686075797561756295,0.686075797561756295,0.686075797561756295,-0.686075797561756295,-0.686075797561756295,0.686075797561756295,0.002774557127541720
6,full_diag_l0,59,-0.686075797561756295,0.686075797561756295,0.686075797561756295,0.686075797561756295,-0.686075797561756295,0.686075797561756295,-0.686075797561756295,0.002774557127541720
6,full_diag_l0,60,-0.686075797561756295,0.686075797561756295,0.686075797561756295,0.686075797561756295,-0.686075797561756295,0.686075797561756295,0.686075797561756295,0.002774557127541720
6,full_diag_l0,61,-0.686075797561756295,0.686075797561756295,0.686075797561756295,0.686075797561756295,0.686075797561756295,-0.686075797561756295,-0.686075797561756295,0.002774557127541720
6,full_diag_l0,62,-0.686075797561756295,0.686075797561756295,0.686075797561756295,0.686075797561756295,0.686075797561756295,-0.686075797561756295,0.686075797561756295,0.002774557127541720
6,full_diag_l0,63,-0.686075797561756295,0.686075797561756295,0.686075797561756295,0.686075797561756295,0.686075797561756295,0.686075797561756295,-0.686075797561756295,0.002774557127541720
6,full_diag_l0,64,-0.686075797561756295,0.686075797561756295,0.686075797561756295,0.686075797561756295,0.686075797561756295,0.686075797561756295,0.686075797561756295,0.002774557127541720
6,full_diag_l0,65,0.686075797561756295,-0.686075797561756295,-0.686075797561756295,-0.686075797561756295,-0.686075797561756295,-0.686075797561756295,-0.686075797561756295,0.002774557127541720
6,full_diag_l0,66,0.686075797561756295,-0.686075797561756295,-0.686075797561756295,-0.686075797561756295,-0.686075797561756295,-0.686075797561756295,0.686075797561756295,0.002774557127541720
6,full_diag_l0,67,0.686075797561756295,-0.686075797561756295,-0.686075797561756295,-0.686075797561756295,-0.686075797561756295,0.686075797561756295,-0.686075797561756295,0.002774557127541720
6,full_diag_l0,68,0.686075797561756295,-0.686075797561756295,-0.686075797561756295,-0.686075797561756295,-0.686075797561756295,0.686075797561756295,0.686075797561756295,0.002774557127541720
6,full_diag_l0,69,0.686075797561756295,-0.686075797561756295,-0.686075797561756295,-0.686075797561756295,0.686075797561756295,-0.686075797561756295,-0.686075797561756295,0.002774557127541720
6,full_diag_l0,70,0.686075797561756295,-0.686075797561756295,-0.686075797561756295,-0.686075797561756295,0.686075797561756295,-0.686075797561756295,0.686075797561756295,0.002774557127541720
6,full_diag_l0,71,0.686075797561756295,-0.686075797561756295,-0.686075797561756295,-0.686075797561756295,0.686075797561756295,0.686075797561756295,-0.686075797561756295,0.002774557127541720
6,full_diag_l0,72,0.686075797561756295,-0.686075797561756295,-0.686075797561756295,-0.686075797561756295,0.686075797561756295,0.686075797561756295,0.686075797561756295,0.002774557127541720
6,full_diag_l0,73,0.686075797561756295,-0.686075797561756295,-0.686075797561756295,0.686075797561756295,-0.686075797561756295,-0.686075797561756295,-0.686075797561756295,0.002774557127541720
6,full_diag_l0,74,0.686075797561756295,-0.686075797561756295,-0.686075797561756295,0.686075797561756295,-0.686075797561756295,-0.686075797561756295,0.686075797561756295,0.002774557127541720
6,full_diag_l0,75,0.686075797561756295,-0.686075797561756295,-0.686075797561756295,0.686075797561756295,-0.686075797561756295,0.686075797561756295,-0.686075797561756295,0.002774557127541720
6,full_diag_l0,76,0.686075797561756295,-0.686075797561756295,-0.686075797561756295,0.686075797561756295,-0.686075797561756295,0.686075797561756295,0.686075797561756295,0.002774557127541720
6,full_diag_l0,77,0.686075797561756295,-0.686075797561756295,-0.686075797561756295,0.686075797561756295,0.686075797561756295,-0.686075797561756295,-0.686075797561756295,0.002774557127541720
6,full_diag_l0,78,0.686075797561756295,-0.686075797561756295,-0.686075797561756295,0.686075797561756295,0.686075797561756295,-0.686075797561756295,0.686075797561756295,0.002774557127541720
6,full_diag_l0,79,0.686075797561756295,-0.686075797561756295,-0.686075797561756295,0.686075797561756295,0.686075797561756295,0.686075797561756295,-0.686075797561756295,0.002774557127541720
6,full_diag_l0,80,0.686075797561756295,-0.686075797561756295,-0.686075797561756295,0.686075797561756295,0.686075797561756295,0.686075797561756295,0.686075797561756295,0.002774557127541720
6,full_diag_l0,81,0.686075797561756295,-0.686075797561756295,0.686075797561756295,-0.686075797561756295,-0.686075797561756295,-0.686075797561756295,-0.686075797561756295,0.002774557127541720
6,full_diag_l0,82,0.686075797561756295,-0.686075797561756295,0.686075797561756295,-0.686075797561756295,-0.686075797561756295,-0.686075797561756295,0.686075797561756295,0.002774557127541720
6,full_diag_l0,83,0.686075797561756295,-0.686075797561756295,0.686075797561756295,-0.686075797561756295,-0.686075797561756295,0.686075797561756295,-0.686075797561756295,0.002774557127541720
6,full_diag_l0,84,0.686075797561756295,-0.686075797561756295,0.686075797561756295,-0.686075797561756295,-0.686075797561756295,0.686075797561756295,0.686075797561756295,0.002774557127541720
6,full_diag_l0,85,0.686075797561756295,-0.686075797561756295,0.686075797561756295,-0.686075797561756295,0.686075797561756295,-0.686075797561756295,-0.686075797561756295,0.002774557127541720
6,full_diag_l0,86,0.686075797561756295,-0.686075797561756295,0.686075797561756295,-0.686075797561756295,0.686075797561756295,-0.686075797561756295,0.686075797561756295,0.002774557127541720
6,full_diag_l0,87,0.686075797561756295,-0.686075797561756295,0.686075797561756295,-0.686075797561756295,0.686075797561756295,0.686075797561756295,-0.686075797561756295,0.002774557127541720
6,full_diag_l0,88,0.686075797561756295,-0.686075797561756295,0.686075797561756295,-0.686075797561756295,0.686075797561756295,0.686075797561756295,0.686075797561756295,0.002774557127541720
6,full_diag_l0,89,0.686075797561756295,-0.686075797561756295,0.686075797561756295,0.686075797561756295,-0.686075797561756295,-0.686075797561756295,-0.686075797561756295,0.002774557127541720
6,full_diag_l0,90,0.686075797561756295,-0.686075797561756295,0.686075797561756295,0.686075797561756295,-0.686075797561756295,-0.686075797561756295,0.686075797561756295,0.002774557127541720
6,full_diag_l0,91,0.686075797561756295,-0.686075797561756295,0.686075797561756295,0.686075797561756295,-0.686075797561756295,0.686075797561756295,-0.686075797561756295,0.002774557127541720
6,full_diag_l0,92,0.686075797561756295,-0.686075797561756295,0.686075797561756295,0.686075797561756295,-0.686075797561756295,0.686075797561756295,0.686075797561756295,0.002774557127541720
6,full_diag_l0,93,0.686075797561756295,-0.686075797561756295,0.686075797561756295,0.686075797561756295,0.686075797561756295,-0.686075797561756295,-0.686075797561756295,0.002774557127541720
6,full_diag_l0,94,0.686075797561756295,-0.686075797561756295,0.686075797561756295,0.686075797561756295,0.686075797561756295,-0.686075797561756295,0.686075797561756295,0.002774557127541720
6,full_diag_l0,95,0.686075797561756295,-0.686075797561756295,0.686075797561756295,0.686075797561756295,0.686075797561756295,0.686075797561756295,-0.686075797561756295,0.002774557127541720
6,full_diag_l0,96,0.686075797561756295,-0.686075797561756295,0.686075797561756295,0.686075797561756295,0.686075797561756295,0.686075797561756295,0.686075797561756295,0.002774557127541720
6,full_diag_l0,97,0.686075797561756295,0.686075797561756295,-0.686075797561756295,-0.686075797561756295,-0.686075797561756295,-0.686075797561756295,-0.686075797561756295,0.002774557127541720
6,full_diag_l0,98,0.686075797561756295,0.686075797561756295,-0.686075797561756295,-0.686075797561756295,-0.686075797561756295,-0.686075797561756295,0.686075797561756295,0.002774557127541720
6,full_diag_l0,99,0.686075797561756295,0.686075797561756295,-0.686075797561756295,-0.686075797561756295,-0.686075797561756295,0.686075797561756295,-0.686075797561756295,0.002774557127541720
6,full_diag_l0,100,0.686075797561756295,0.686075797561756295,-0.686075797561756295,-0.686075797561756295,-0.686075797561756295,0.686075797561756295,0.686075797561756295,0.002774557127541720
6,full_diag_l0,101,0.686075797561756295,0.686075797561756295,-0.686075797561756295,-0.686075797561756295,0.686075797561756295,-0.686075797561756295,-0.686075797561756295,0.002774557127541720
6,full_diag_l0,102,0.686075797561756295,0.686075797561756295,-0.686075797561756295,-0.686075797561756295,0.686075797561756295,-0.686075797561756295,0.686075797561756295,0.002774557127541720
6,full_diag_l0,103,0.686075797561756295,0.686075797561756295,-0.686075797561756295,-0.686075797561756295,0.686075797561756295,0.686075797561756295,-0.686075797561756295,0.002774557127541720
6,full_diag_l0,104,0.686075797561756295,0.686075797561756295,-0.686075797561756295,-0.686075797561756295,0.686075797561756295,0.686075797561756295,0.686075797561756295,0.002774557127541720
6,full_diag_l0,105,0.686075797561756295,0.686075797561756295,-0.686075797561756295,0.686075797561756295,-0.686075797561756295,-0.686075797561756295,-0.686075797561756295,0.002774557127541720
6,full_diag_l0,106,0.686075797561756295,0.686075797561756295,-0.686075797561756295,0.686075797561756295,-0.686075797561756295,-0.686075797561756295,0.686075797561756295,0.002774557127541720
6,full_diag_l0,107,0.686075797561756295,0.686075797561756295,-0.686075797561756295,0.686075797561756295,-0.686075797561756295,0.686075797561756295,-0.686075797561756295,0.002774557127541720
6,full_diag_l0,108,0.686075797561756295,0.686075797561756295,-0.686075797561756295,0.686075797561756295,-0.686075797561756295,0.686075797561756295,0.686075797561756295,0.002774557127541720
6,full_diag_l0,109,0.686075797561756295,0.686075797561756295,-0.686075797561756295,0.686075797561756295,0.686075797561756295,-0.686075797561756295,-0.686075797561756295,0.002774557127541720
6,full_diag_l0,110,0.686075797561756295,0.686075797561756295,-0.686075797561756295,0.686075797561756295,0.686075797561756295,-0.686075797561756295,0.686075797561756295,0.002774557127541720
6,full_diag_l0,111,0.686075797561756295,0.686075797561756295,-0.686075797561756295,0.686075797561756295,0.686075797561756295,0.686075797561756295,-0.686075797561756295,0.002774557127541720
6,full_diag_l0,112,0.686075797561756295,0.686075797561756295,-0.686075797561756295,0.686075797561756295,0.686075797561756295,0.686075797561756295,0.686075797561756295,0.002774557127541720
6,full_diag_l0,113,0.686075797561756295,0.686075797561756295,0.686075797561756295,-0.686075797561756295,-0.686075797561756295,-0.686075797561756295,-0.686075797561756295,0.002774557127541720
6,full_diag_l0,114,0.686075797561756295,0.686075797561756295,0.686075797561756295,-0.686075797561756295,-0.686075797561756295,-0.686075797561756295,0.686075797561756295,0.002774557127541720
6,full_diag_l0,115,0.686075797561756295,0.686075797561756295,0.686075797561756295,-0.686075797561756295,-0.686075797561756295,0.686075797561756295,-0.686075797561756295,0.002774557127541720
6,full_diag_l0,116,0.686075797561756295,0.686075797561756295,0.686075797561756295,-0.686075797561756295,-0.686075797561756295,0.686075797561756295,0.686075797561756295,0.002774557127541720
6,full_diag_l0,117,0.686075797561756295,0.686075797561756295,0.686075797561756295,-0.686075797561756295,0.686075797561756295,-0.686075797561756295,-0.686075797561756295,0.002774557127541720
6,full_diag_l0,118,0.686075797561756295,0.686075797561756295,0.686075797561756295,-0.686075797561756295,0.686075797561756295,-0.686075797561756295,0.686075797561756295,0.002774557127541720
6,full_diag_l0,119,0.686075797561756295,0.686075797561756295,0.686075797561756295,-0.686075797561756295,0.686075797561756295,0.686075797561756295,-0.686075797561756295,0.002774557127541720
6,full_diag_l0,120,0.686075797561756295,0.686075797561756295,0.686075797561756295,-0.686075797561756295,0.686075797561756295,0.686075797561756295,0.686075797561756295,0.002774557127541720
6,full_diag_l0,121,0.686075797561756295,0.686075797561756295,0.686075797561756295,0.686075797561756295,-0.686075797561756295,-0.686075797561756295,-0.686075797561756295,0.002774557127541720
6,full_diag_l0,122,0.686075797561756295,0.686075797561756295,0.686075797561756295,0.686075797561756295,-0.686075797561756295,-0.686075797561756295,0.686075797561756295,0.002774557127541720
6,full_diag_l0,123,0.686075797561756295,0.686075797561756295,0.686075797561756295,0.686075797561756295,-0.686075797561756295,0.686075797561756295,-0.686075797561756295,0.002774557127541720
6,full_diag_l0,124,0.686075797561756295,0.686075797561756295,0.686075797561756295,0.686075797561756295,-0.686075797561756295,0.686075797561756295,0.686075797561756295,0.002774557127541720
6,full_diag_l0,125,0.686075797561756295,0.686075797561756295,0.686075797561756295,0.686075797561756295,0.686075797561756295,-0.686075797561756295,-0.686075797561756295,0.002774557127541720
6,full_diag_l0,126,0.686075797561756295,0.686075797561756295,0.686075797561756295,0.686075797561756295,0.686075797561756295,-0.686075797561756295,0.686075797561756295,0.002774557127541720
6,full_diag_l0,127,0.686075797561756295,0.686075797561756295,0.686075797561756295,0.686075797561756295,0.686075797561756295,0.686075797561756295,-0.686075797561756295,0.002774557127541720
6,full_diag_l0,128,0.686075797561756295,0.686075797561756295,0.686075797561756295,0.686075797561756295,0.686075797561756295,0.686075797561756295,0.686075797561756295,0.002774557127541720
